company_id,company_name,a_code,h_code,a_exchange,a_ticker,h_ticker,industry,status,source,updated_at
AH_000488_01812,ST晨鸣,000488,01812,SZ,000488.SZ,01812.HK,综合,active,validated_202_snapshot_2026-07-30,2026-08-07T07:22:12.111153+00:00
AH_601186_01186,XD中国铁,601186,01186,SH,601186.SS,01186.HK,综合,active,validated_202_snapshot_2026-07-30,2026-08-07T07:22:12.111153+00:00
AH_601456_01456,XD国联民,601456,01456,SH,601456.SS,01456.HK,综合,active,validated_202_snapshot_2026-07-30,2026-08-07T07:22:12.111153+00:00
AH_601038_00038,一拖股份,601038,00038,SH,601038.SS,00038.HK,综合,active,validated_202_snapshot_2026-07-30,2026-08-07T07:22:12.111153+00:00
AH_000002_02202,万科Ａ,000002,02202,SZ,000002.SZ,02202.HK,房地产与公用,active,validated_202_snapshot_2026-07-30,2026-08-07T07:22:12.111153+00:00
AH_600031_06031,三一重工,600031,06031,SH,600031.SS,06031.HK,汽车与装备,active,validated_202_snapshot_2026-07-30,2026-08-07T07:22:12.111153+00:00
AH_300408_06951,三环集团,300408,06951,SZ,300408.SZ,06951.HK,综合,active,validated_202_snapshot_2026-07-30,2026-08-07T07:22:12.111153+00:00
AH_002050_02050,三花智控,002050,02050,SZ,002050.SZ,02050.HK,综合,active,validated_202_snapshot_2026-07-30,2026-08-07T07:22:12.111153+00:00
AH_601607_02607,上海医药,601607,02607,SH,601607.SS,02607.HK,医药医疗,active,validated_202_snapshot_2026-07-30,2026-08-07T07:22:12.111153+00:00
AH_601727_02727,上海电气,601727,02727,SH,601727.SS,02727.HK,汽车与装备,active,validated_202_snapshot_2026-07-30,2026-08-07T07:22:12.111153+00:00
AH_600688_00338,上海石化,600688,00338,SH,600688.SS,00338.HK,能源电力,active,validated_202_snapshot_2026-07-30,2026-08-07T07:22:12.111153+00:00
AH_600875_01072,东方电气,600875,01072,SH,600875.SS,01072.HK,汽车与装备,active,validated_202_snapshot_2026-07-30,2026-08-07T07:22:12.111153+00:00
AH_600958_03958,东方证券,600958,03958,SH,600958.SS,03958.HK,证券与金融,active,validated_202_snapshot_2026-07-30,2026-08-07T07:22:12.111153+00:00
AH_002672_00895,东江环保,002672,00895,SZ,002672.SZ,00895.HK,房地产与公用,active,validated_202_snapshot_2026-07-30,2026-08-07T07:22:12.111153+00:00
AH_605499_09980,东鹏饮料,605499,09980,SH,605499.SS,09980.HK,消费,active,validated_202_snapshot_2026-07-30,2026-08-07T07:22:12.111153+00:00
AH_300919_02579,中伟新材,300919,02579,SZ,300919.SZ,02579.HK,有色与材料,active,validated_202_snapshot_2026-07-30,2026-08-07T07:22:12.111153+00:00
AH_601066_06066,中信建投,601066,06066,SH,601066.SS,06066.HK,综合,active,validated_202_snapshot_2026-07-30,2026-08-07T07:22:12.111153+00:00
AH_600030_06030,中信证券,600030,06030,SH,600030.SS,06030.HK,证券与金融,active,validated_202_snapshot_2026-07-30,2026-08-07T07:22:12.111153+00:00
AH_601998_00998,中信银行,601998,00998,SH,601998.SS,00998.HK,银行,active,validated_202_snapshot_2026-07-30,2026-08-07T07:22:12.111153+00:00
AH_000063_00763,中兴通讯,000063,00763,SZ,000063.SZ,00763.HK,科技电子,active,validated_202_snapshot_2026-07-30,2026-08-07T07:22:12.111153+00:00
AH_601717_00564,中创智领,601717,00564,SH,601717.SS,00564.HK,综合,active,validated_202_snapshot_2026-07-30,2026-08-07T07:22:12.111153+00:00
AH_601375_01375,中原证券,601375,01375,SH,601375.SS,01375.HK,证券与金融,active,validated_202_snapshot_2026-07-30,2026-08-07T07:22:12.111153+00:00
AH_600115_00670,中国东航,600115,00670,SH,600115.SS,00670.HK,交通运输,active,validated_202_snapshot_2026-07-30,2026-08-07T07:22:12.111153+00:00
AH_601888_01880,中国中免,601888,01880,SH,601888.SS,01880.HK,综合,active,validated_202_snapshot_2026-07-30,2026-08-07T07:22:12.111153+00:00
AH_601618_01618,中国中冶,601618,01618,SH,601618.SS,01618.HK,建筑工程,active,validated_202_snapshot_2026-07-30,2026-08-07T07:22:12.111153+00:00
AH_601766_01766,中国中车,601766,01766,SH,601766.SS,01766.HK,汽车与装备,active,validated_202_snapshot_2026-07-30,2026-08-07T07:22:12.111153+00:00
AH_601390_00390,中国中铁,601390,00390,SH,601390.SS,00390.HK,建筑工程,active,validated_202_snapshot_2026-07-30,2026-08-07T07:22:12.111153+00:00
AH_601800_01800,中国交建,601800,01800,SH,601800.SS,01800.HK,交通运输,active,validated_202_snapshot_2026-07-30,2026-08-07T07:22:12.111153+00:00
AH_601319_01339,中国人保,601319,01339,SH,601319.SS,01339.HK,保险,active,validated_202_snapshot_2026-07-30,2026-08-07T07:22:12.111153+00:00
AH_601628_02628,中国人寿,601628,02628,SH,601628.SS,02628.HK,保险,active,validated_202_snapshot_2026-07-30,2026-08-07T07:22:12.111153+00:00
AH_601111_00753,中国国航,601111,00753,SH,601111.SS,00753.HK,交通运输,active,validated_202_snapshot_2026-07-30,2026-08-07T07:22:12.111153+00:00
AH_601598_00598,中国外运,601598,00598,SH,601598.SS,00598.HK,交通运输,active,validated_202_snapshot_2026-07-30,2026-08-07T07:22:12.111153+00:00
AH_601601_02601,中国太保,601601,02601,SH,601601.SS,02601.HK,保险,active,validated_202_snapshot_2026-07-30,2026-08-07T07:22:12.111153+00:00
AH_601318_02318,中国平安,601318,02318,SH,601318.SS,02318.HK,保险,active,validated_202_snapshot_2026-07-30,2026-08-07T07:22:12.111153+00:00
AH_003816_01816,中国广核,003816,01816,SZ,003816.SZ,01816.HK,综合,active,validated_202_snapshot_2026-07-30,2026-08-07T07:22:12.111153+00:00
AH_600938_00883,中国海油,600938,00883,SH,600938.SS,00883.HK,能源电力,active,validated_202_snapshot_2026-07-30,2026-08-07T07:22:12.111153+00:00
AH_601728_00728,中国电信,601728,00728,SH,601728.SS,00728.HK,科技电子,active,validated_202_snapshot_2026-07-30,2026-08-07T07:22:12.111153+00:00
AH_600028_00386,中国石化,600028,00386,SH,600028.SS,00386.HK,能源电力,active,validated_202_snapshot_2026-07-30,2026-08-07T07:22:12.111153+00:00
AH_601857_00857,中国石油,601857,00857,SH,601857.SS,00857.HK,能源电力,active,validated_202_snapshot_2026-07-30,2026-08-07T07:22:12.111153+00:00
AH_601088_01088,中国神华,601088,01088,SH,601088.SS,01088.HK,能源电力,active,validated_202_snapshot_2026-07-30,2026-08-07T07:22:12.111153+00:00
AH_600941_00941,中国移动,600941,00941,SH,600941.SS,00941.HK,科技电子,active,validated_202_snapshot_2026-07-30,2026-08-07T07:22:12.111153+00:00
AH_601868_03996,中国能建,601868,03996,SH,601868.SS,03996.HK,建筑工程,active,validated_202_snapshot_2026-07-30,2026-08-07T07:22:12.111153+00:00
AH_688009_03969,中国通号,688009,03969,SH,688009.SS,03969.HK,综合,active,validated_202_snapshot_2026-07-30,2026-08-07T07:22:12.111153+00:00
AH_601600_02600,中国铝业,601600,02600,SH,601600.SS,02600.HK,有色与材料,active,validated_202_snapshot_2026-07-30,2026-08-07T07:22:12.111153+00:00
AH_601881_06881,中国银河,601881,06881,SH,601881.SS,06881.HK,综合,active,validated_202_snapshot_2026-07-30,2026-08-07T07:22:12.111153+00:00
AH_601988_03988,中国银行,601988,03988,SH,601988.SS,03988.HK,银行,active,validated_202_snapshot_2026-07-30,2026-08-07T07:22:12.111153+00:00
AH_601808_02883,中海油服,601808,02883,SH,601808.SS,02883.HK,能源电力,active,validated_202_snapshot_2026-07-30,2026-08-07T07:22:12.111153+00:00
AH_601898_01898,中煤能源,601898,01898,SH,601898.SS,01898.HK,能源电力,active,validated_202_snapshot_2026-07-30,2026-08-07T07:22:12.111153+00:00
AH_000157_01157,中联重科,000157,01157,SZ,000157.SZ,01157.HK,汽车与装备,active,validated_202_snapshot_2026-07-30,2026-08-07T07:22:12.111153+00:00
AH_600685_00317,中船防务,600685,00317,SH,600685.SS,00317.HK,综合,active,validated_202_snapshot_2026-07-30,2026-08-07T07:22:12.111153+00:00
AH_688981_00981,中芯国际,688981,00981,SH,688981.SS,00981.HK,科技电子,active,validated_202_snapshot_2026-07-30,2026-08-07T07:22:12.111153+00:00
AH_601866_02866,中远海发,601866,02866,SH,601866.SS,02866.HK,交通运输,active,validated_202_snapshot_2026-07-30,2026-08-07T07:22:12.111153+00:00
AH_601919_01919,中远海控,601919,01919,SH,601919.SS,01919.HK,交通运输,active,validated_202_snapshot_2026-07-30,2026-08-07T07:22:12.111153+00:00
AH_600026_01138,中远海能,600026,01138,SH,600026.SS,01138.HK,交通运输,active,validated_202_snapshot_2026-07-30,2026-08-07T07:22:12.111153+00:00
AH_601995_03908,中金公司,601995,03908,SH,601995.SS,03908.HK,证券与金融,active,validated_202_snapshot_2026-07-30,2026-08-07T07:22:12.111153+00:00
AH_601068_02068,中铝国际,601068,02068,SH,601068.SS,02068.HK,有色与材料,active,validated_202_snapshot_2026-07-30,2026-08-07T07:22:12.111153+00:00
AH_300308_03308,中际旭创,300308,03308,SZ,300308.SZ,03308.HK,科技电子,active,validated_202_snapshot_2026-07-30,2026-08-07T07:22:12.111153+00:00
AH_000039_02039,中集集团,000039,02039,SZ,000039.SZ,02039.HK,综合,active,validated_202_snapshot_2026-07-30,2026-08-07T07:22:12.111153+00:00
AH_000513_01513,丽珠集团,000513,01513,SZ,000513.SZ,01513.HK,综合,active,validated_202_snapshot_2026-07-30,2026-08-07T07:22:12.111153+00:00
AH_601328_03328,交通银行,601328,03328,SH,601328.SS,03328.HK,银行,active,validated_202_snapshot_2026-07-30,2026-08-07T07:22:12.111153+00:00
AH_600860_00187,京城股份,600860,00187,SH,600860.SS,00187.HK,综合,active,validated_202_snapshot_2026-07-30,2026-08-07T07:22:12.111153+00:00
AH_688339_02402,亿华通-U,688339,02402,SH,688339.SS,02402.HK,综合,active,validated_202_snapshot_2026-07-30,2026-08-07T07:22:12.111153+00:00
AH_003021_02692,兆威机电,003021,02692,SZ,003021.SZ,02692.HK,综合,active,validated_202_snapshot_2026-07-30,2026-08-07T07:22:12.111153+00:00
AH_603986_03986,兆易创新,603986,03986,SH,603986.SS,03986.HK,科技电子,active,validated_202_snapshot_2026-07-30,2026-08-07T07:22:12.111153+00:00
AH_300450_00470,先导智能,300450,00470,SZ,300450.SZ,00470.HK,汽车与装备,active,validated_202_snapshot_2026-07-30,2026-08-07T07:22:12.111153+00:00
AH_601788_06178,光大证券,601788,06178,SH,601788.SS,06178.HK,证券与金融,active,validated_202_snapshot_2026-07-30,2026-08-07T07:22:12.111153+00:00
AH_601818_06818,光大银行,601818,06818,SH,601818.SS,06818.HK,银行,active,validated_202_snapshot_2026-07-30,2026-08-07T07:22:12.111153+00:00
AH_600188_01171,兖矿能源,600188,01171,SH,600188.SS,01171.HK,能源电力,active,validated_202_snapshot_2026-07-30,2026-08-07T07:22:12.111153+00:00
AH_601288_01288,农业银行,601288,01288,SH,601288.SS,01288.HK,银行,active,validated_202_snapshot_2026-07-30,2026-08-07T07:22:12.111153+00:00
AH_600876_01108,凯盛新能,600876,01108,SH,600876.SS,01108.HK,综合,active,validated_202_snapshot_2026-07-30,2026-08-07T07:22:12.111153+00:00
AH_002821_06821,凯莱英,002821,06821,SZ,002821.SZ,06821.HK,医药医疗,active,validated_202_snapshot_2026-07-30,2026-08-07T07:22:12.111153+00:00
AH_600874_01065,创业环保,600874,01065,SH,600874.SS,01065.HK,房地产与公用,active,validated_202_snapshot_2026-07-30,2026-08-07T07:22:12.111153+00:00
AH_603083_06166,剑桥科技,603083,06166,SH,603083.SS,06166.HK,科技电子,active,validated_202_snapshot_2026-07-30,2026-08-07T07:22:12.111153+00:00
AH_601588_00588,北辰实业,601588,00588,SH,601588.SS,00588.HK,房地产与公用,active,validated_202_snapshot_2026-07-30,2026-08-07T07:22:12.111153+00:00
AH_603296_03296,华勤技术,603296,03296,SH,603296.SS,03296.HK,综合,active,validated_202_snapshot_2026-07-30,2026-08-07T07:22:12.111153+00:00
AH_600801_06655,华新建材,600801,06655,SH,600801.SS,06655.HK,综合,active,validated_202_snapshot_2026-07-30,2026-08-07T07:22:12.111153+00:00
AH_601688_06886,华泰证券,601688,06886,SH,601688.SS,06886.HK,证券与金融,active,validated_202_snapshot_2026-07-30,2026-08-07T07:22:12.111153+00:00
AH_600027_01071,华电国际,600027,01071,SH,600027.SS,01071.HK,能源电力,active,validated_202_snapshot_2026-07-30,2026-08-07T07:22:12.111153+00:00
AH_600011_00902,华能国际,600011,00902,SH,600011.SS,00902.HK,能源电力,active,validated_202_snapshot_2026-07-30,2026-08-07T07:22:12.111153+00:00
AH_688347_01347,华虹宏力,688347,01347,SH,688347.SS,01347.HK,科技电子,active,validated_202_snapshot_2026-07-30,2026-08-07T07:22:12.111153+00:00
AH_600775_00553,南京熊猫,600775,00553,SH,600775.SS,00553.HK,综合,active,validated_202_snapshot_2026-07-30,2026-08-07T07:22:12.111153+00:00
AH_603093_02691,南华期货,603093,02691,SH,603093.SS,02691.HK,证券与金融,active,validated_202_snapshot_2026-07-30,2026-08-07T07:22:12.111153+00:00
AH_600029_01055,南方航空,600029,01055,SH,600029.SS,01055.HK,交通运输,active,validated_202_snapshot_2026-07-30,2026-08-07T07:22:12.111153+00:00
AH_301087_01187,可孚医疗,301087,01187,SZ,301087.SZ,01187.HK,医药医疗,active,validated_202_snapshot_2026-07-30,2026-08-07T07:22:12.111153+00:00
AH_002803_02603,吉宏股份,002803,02603,SZ,002803.SZ,02603.HK,综合,active,validated_202_snapshot_2026-07-30,2026-08-07T07:22:12.111153+00:00
AH_688180_01877,君实生物-U,688180,01877,SH,688180.SS,01877.HK,医药医疗,active,validated_202_snapshot_2026-07-30,2026-08-07T07:22:12.111153+00:00
AH_601107_00107,四川成渝,601107,00107,SH,601107.SS,00107.HK,综合,active,validated_202_snapshot_2026-07-30,2026-08-07T07:22:12.111153+00:00
AH_002768_02768,国恩股份,002768,02768,SZ,002768.SZ,02768.HK,综合,active,validated_202_snapshot_2026-07-30,2026-08-07T07:22:12.111153+00:00
AH_300077_02701,国民技术,300077,02701,SZ,300077.SZ,02701.HK,综合,active,validated_202_snapshot_2026-07-30,2026-08-07T07:22:12.111153+00:00
AH_601211_02611,国泰海通,601211,02611,SH,601211.SS,02611.HK,证券与金融,active,validated_202_snapshot_2026-07-30,2026-08-07T07:22:12.111153+00:00
AH_300661_03661,圣邦股份,300661,03661,SZ,300661.SZ,03661.HK,综合,active,validated_202_snapshot_2026-07-30,2026-08-07T07:22:12.111153+00:00
AH_600699_00699,均胜电子,600699,00699,SH,600699.SS,00699.HK,综合,active,validated_202_snapshot_2026-07-30,2026-08-07T07:22:12.111153+00:00
AH_002747_02715,埃斯顿,002747,02715,SZ,002747.SZ,02715.HK,汽车与装备,active,validated_202_snapshot_2026-07-30,2026-08-07T07:22:12.111153+00:00
AH_688505_01349,复旦张江,688505,01349,SH,688505.SS,01349.HK,医药医疗,active,validated_202_snapshot_2026-07-30,2026-08-07T07:22:12.111153+00:00
AH_688385_01385,复旦微电,688385,01385,SH,688385.SS,01385.HK,科技电子,active,validated_202_snapshot_2026-07-30,2026-08-07T07:22:12.111153+00:00
AH_600196_02196,复星医药,600196,02196,SH,600196.SS,02196.HK,医药医疗,active,validated_202_snapshot_2026-07-30,2026-08-07T07:22:12.111153+00:00
AH_600635_01635,大众公用,600635,01635,SH,600635.SS,01635.HK,房地产与公用,active,validated_202_snapshot_2026-07-30,2026-08-07T07:22:12.111153+00:00
AH_601991_00991,大唐发电,601991,00991,SH,601991.SS,00991.HK,能源电力,active,validated_202_snapshot_2026-07-30,2026-08-07T07:22:12.111153+00:00
AH_301200_03200,大族数控,301200,03200,SZ,301200.SZ,03200.HK,科技电子,active,validated_202_snapshot_2026-07-30,2026-08-07T07:22:12.111153+00:00
AH_002487_01081,大金重工,002487,01081,SZ,002487.SZ,01081.HK,综合,active,validated_202_snapshot_2026-07-30,2026-08-07T07:22:12.111153+00:00
AH_688234_02631,天岳先进,688234,02631,SH,688234.SS,02631.HK,综合,active,validated_202_snapshot_2026-07-30,2026-08-07T07:22:12.111153+00:00
AH_002466_09696,天齐锂业,002466,09696,SZ,002466.SZ,09696.HK,有色与材料,active,validated_202_snapshot_2026-07-30,2026-08-07T07:22:12.111153+00:00
AH_300750_03750,宁德时代,300750,03750,SZ,300750.SZ,03750.HK,综合,active,validated_202_snapshot_2026-07-30,2026-08-07T07:22:12.111153+00:00
AH_600377_00177,宁沪高速,600377,00177,SH,600377.SS,00177.HK,交通运输,active,validated_202_snapshot_2026-07-30,2026-08-07T07:22:12.111153+00:00
AH_603345_02648,安井食品,603345,02648,SH,603345.SS,02648.HK,消费,active,validated_202_snapshot_2026-07-30,2026-08-07T07:22:12.111153+00:00
AH_300866_00668,安克创新,300866,00668,SZ,300866.SZ,00668.HK,综合,active,validated_202_snapshot_2026-07-30,2026-08-07T07:22:12.111153+00:00
AH_605198_02218,安德利,605198,02218,SH,605198.SS,02218.HK,综合,active,validated_202_snapshot_2026-07-30,2026-08-07T07:22:12.111153+00:00
AH_002490_00568,山东墨龙,002490,00568,SZ,002490.SZ,00568.HK,综合,active,validated_202_snapshot_2026-07-30,2026-08-07T07:22:12.111153+00:00
AH_600547_01787,山东黄金,600547,01787,SH,600547.SS,01787.HK,有色与材料,active,validated_202_snapshot_2026-07-30,2026-08-07T07:22:12.111153+00:00
AH_688279_01304,峰岹科技,688279,01304,SH,688279.SS,01304.HK,科技电子,active,validated_202_snapshot_2026-07-30,2026-08-07T07:22:12.111153+00:00
AH_601398_01398,工商银行,601398,01398,SH,601398.SS,01398.HK,银行,active,validated_202_snapshot_2026-07-30,2026-08-07T07:22:12.111153+00:00
AH_000776_01776,广发证券,000776,01776,SZ,000776.SZ,01776.HK,证券与金融,active,validated_202_snapshot_2026-07-30,2026-08-07T07:22:12.111153+00:00
AH_001389_01989,广合科技,001389,01989,SZ,001389.SZ,01989.HK,科技电子,active,validated_202_snapshot_2026-07-30,2026-08-07T07:22:12.111153+00:00
AH_300638_00638,广和通,300638,00638,SZ,300638.SZ,00638.HK,科技电子,active,validated_202_snapshot_2026-07-30,2026-08-07T07:22:12.111153+00:00
AH_601238_02238,广汽集团,601238,02238,SH,601238.SS,02238.HK,综合,active,validated_202_snapshot_2026-07-30,2026-08-07T07:22:12.111153+00:00
AH_601333_00525,广深铁路,601333,00525,SH,601333.SS,00525.HK,交通运输,active,validated_202_snapshot_2026-07-30,2026-08-07T07:22:12.111153+00:00
AH_688185_06185,康希诺,688185,06185,SH,688185.SS,06185.HK,医药医疗,active,validated_202_snapshot_2026-07-30,2026-08-07T07:22:12.111153+00:00
AH_300759_03759,康龙化成,300759,03759,SZ,300759.SZ,03759.HK,医药医疗,active,validated_202_snapshot_2026-07-30,2026-08-07T07:22:12.111153+00:00
AH_601939_00939,建设银行,601939,00939,SH,601939.SS,00939.HK,银行,active,validated_202_snapshot_2026-07-30,2026-08-07T07:22:12.111153+00:00
AH_001236_03678,弘业期货,001236,03678,SZ,001236.SZ,03678.HK,证券与金融,active,validated_202_snapshot_2026-07-30,2026-08-07T07:22:12.111153+00:00
AH_600276_01276,恒瑞医药,600276,01276,SH,600276.SS,01276.HK,医药医疗,active,validated_202_snapshot_2026-07-30,2026-08-07T07:22:12.111153+00:00
AH_600999_06099,招商证券,600999,06099,SH,600999.SS,06099.HK,证券与金融,active,validated_202_snapshot_2026-07-30,2026-08-07T07:22:12.111153+00:00
AH_600036_03968,招商银行,600036,03968,SH,600036.SS,03968.HK,银行,active,validated_202_snapshot_2026-07-30,2026-08-07T07:22:12.111153+00:00
AH_601336_01336,新华保险,601336,01336,SH,601336.SS,01336.HK,保险,active,validated_202_snapshot_2026-07-30,2026-08-07T07:22:12.111153+00:00
AH_000756_00719,新华制药,000756,00719,SZ,000756.SZ,00719.HK,医药医疗,active,validated_202_snapshot_2026-07-30,2026-08-07T07:22:12.111153+00:00
AH_601811_00811,新华文轩,601811,00811,SH,601811.SS,00811.HK,综合,active,validated_202_snapshot_2026-07-30,2026-08-07T07:22:12.111153+00:00
AH_600956_00956,新天绿能,600956,00956,SH,600956.SS,00956.HK,能源电力,active,validated_202_snapshot_2026-07-30,2026-08-07T07:22:12.111153+00:00
AH_688187_03898,时代电气,688187,03898,SH,688187.SS,03898.HK,汽车与装备,active,validated_202_snapshot_2026-07-30,2026-08-07T07:22:12.111153+00:00
AH_688366_06826,昊海生科,688366,06826,SH,688366.SS,06826.HK,医药医疗,active,validated_202_snapshot_2026-07-30,2026-08-07T07:22:12.111153+00:00
AH_300568_06067,星源材质,300568,06067,SZ,300568.SZ,06067.HK,综合,active,validated_202_snapshot_2026-07-30,2026-08-07T07:22:12.111153+00:00
AH_688236_01858,春立医疗,688236,01858,SH,688236.SS,01858.HK,医药医疗,active,validated_202_snapshot_2026-07-30,2026-08-07T07:22:12.111153+00:00
AH_603127_06127,昭衍新药,603127,06127,SH,603127.SS,06127.HK,医药医疗,active,validated_202_snapshot_2026-07-30,2026-08-07T07:22:12.111153+00:00
AH_688337_00537,普源精电,688337,00537,SH,688337.SS,00537.HK,综合,active,validated_202_snapshot_2026-07-30,2026-08-07T07:22:12.111153+00:00
AH_688249_02249,晶合集成,688249,02249,SH,688249.SS,02249.HK,综合,active,validated_202_snapshot_2026-07-30,2026-08-07T07:22:12.111153+00:00
AH_002594_01211,比亚迪,002594,01211,SZ,002594.SZ,01211.HK,汽车与装备,active,validated_202_snapshot_2026-07-30,2026-08-07T07:22:12.111153+00:00
AH_600016_01988,民生银行,600016,01988,SH,600016.SS,01988.HK,银行,active,validated_202_snapshot_2026-07-30,2026-08-07T07:22:12.111153+00:00
AH_600362_00358,江西铜业,600362,00358,SH,600362.SS,00358.HK,有色与材料,active,validated_202_snapshot_2026-07-30,2026-08-07T07:22:12.111153+00:00
AH_002130_09981,沃尔核材,002130,09981,SZ,002130.SZ,09981.HK,综合,active,validated_202_snapshot_2026-07-30,2026-08-07T07:22:12.111153+00:00
AH_300347_03347,泰格医药,300347,03347,SZ,300347.SZ,03347.HK,医药医疗,active,validated_202_snapshot_2026-07-30,2026-08-07T07:22:12.111153+00:00
AH_603993_03993,洛阳钼业,603993,03993,SH,603993.SS,03993.HK,有色与材料,active,validated_202_snapshot_2026-07-30,2026-08-07T07:22:12.111153+00:00
AH_601916_02016,浙商银行,601916,02016,SH,601916.SS,02016.HK,银行,active,validated_202_snapshot_2026-07-30,2026-08-07T07:22:12.111153+00:00
AH_002703_01057,浙江世宝,002703,01057,SZ,002703.SZ,01057.HK,汽车与装备,active,validated_202_snapshot_2026-07-30,2026-08-07T07:22:12.111153+00:00
AH_000921_00921,海信家电,000921,00921,SZ,000921.SZ,00921.HK,消费,active,validated_202_snapshot_2026-07-30,2026-08-07T07:22:12.111153+00:00
AH_603288_03288,海天味业,603288,03288,SH,603288.SS,03288.HK,消费,active,validated_202_snapshot_2026-07-30,2026-08-07T07:22:12.111153+00:00
AH_600690_06690,海尔智家,600690,06690,SH,600690.SS,06690.HK,消费,active,validated_202_snapshot_2026-07-30,2026-08-07T07:22:12.111153+00:00
AH_002399_09989,海普瑞,002399,09989,SZ,002399.SZ,09989.HK,综合,active,validated_202_snapshot_2026-07-30,2026-08-07T07:22:12.111153+00:00
AH_600585_00914,海螺水泥,600585,00914,SH,600585.SS,00914.HK,有色与材料,active,validated_202_snapshot_2026-07-30,2026-08-07T07:22:12.111153+00:00
AH_600548_00548,深高速,600548,00548,SH,600548.SS,00548.HK,交通运输,active,validated_202_snapshot_2026-07-30,2026-08-07T07:22:12.111153+00:00
AH_601077_03618,渝农商行,601077,03618,SH,601077.SS,03618.HK,综合,active,validated_202_snapshot_2026-07-30,2026-08-07T07:22:12.111153+00:00
AH_601678_06745,滨化股份,601678,06745,SH,601678.SS,06745.HK,综合,active,validated_202_snapshot_2026-07-30,2026-08-07T07:22:12.111153+00:00
AH_000338_02338,潍柴动力,000338,02338,SZ,000338.SZ,02338.HK,汽车与装备,active,validated_202_snapshot_2026-07-30,2026-08-07T07:22:12.111153+00:00
AH_688008_06809,澜起科技,688008,06809,SH,688008.SS,06809.HK,科技电子,active,validated_202_snapshot_2026-07-30,2026-08-07T07:22:12.111153+00:00
AH_002714_02714,牧原股份,002714,02714,SZ,002714.SZ,02714.HK,消费,active,validated_202_snapshot_2026-07-30,2026-08-07T07:22:12.111153+00:00
AH_000166_06806,申万宏源,000166,06806,SZ,000166.SZ,06806.HK,证券与金融,active,validated_202_snapshot_2026-07-30,2026-08-07T07:22:12.111153+00:00
AH_600332_00874,白云山,600332,00874,SH,600332.SS,00874.HK,综合,active,validated_202_snapshot_2026-07-30,2026-08-07T07:22:12.111153+00:00
AH_688796_02315,百奥赛图,688796,02315,SH,688796.SS,02315.HK,综合,active,validated_202_snapshot_2026-07-30,2026-08-07T07:22:12.111153+00:00
AH_688235_06160,百济神州,688235,06160,SH,688235.SS,06160.HK,医药医疗,active,validated_202_snapshot_2026-07-30,2026-08-07T07:22:12.111153+00:00
AH_600012_00995,皖通高速,600012,00995,SH,600012.SS,00995.HK,交通运输,active,validated_202_snapshot_2026-07-30,2026-08-07T07:22:12.111153+00:00
AH_600871_01033,石化油服,600871,01033,SH,600871.SS,01033.HK,能源电力,active,validated_202_snapshot_2026-07-30,2026-08-07T07:22:12.111153+00:00
AH_600660_03606,福耀玻璃,600660,03606,SH,600660.SS,03606.HK,有色与材料,active,validated_202_snapshot_2026-07-30,2026-08-07T07:22:12.111153+00:00
AH_601865_06865,福莱特,601865,06865,SH,601865.SS,06865.HK,有色与材料,active,validated_202_snapshot_2026-07-30,2026-08-07T07:22:12.111153+00:00
AH_601326_03369,秦港股份,601326,03369,SH,601326.SS,03369.HK,交通运输,active,validated_202_snapshot_2026-07-30,2026-08-07T07:22:12.111153+00:00
AH_002475_02475,立讯精密,002475,02475,SZ,002475.SZ,02475.HK,综合,active,validated_202_snapshot_2026-07-30,2026-08-07T07:22:12.111153+00:00
AH_601899_02899,紫金矿业,601899,02899,SH,601899.SS,02899.HK,综合,active,validated_202_snapshot_2026-07-30,2026-08-07T07:22:12.111153+00:00
AH_688052_02676,纳芯微,688052,02676,SH,688052.SS,02676.HK,科技电子,active,validated_202_snapshot_2026-07-30,2026-08-07T07:22:12.111153+00:00
AH_601330_01330,绿色动力,601330,01330,SH,601330.SS,01330.HK,综合,active,validated_202_snapshot_2026-07-30,2026-08-07T07:22:12.111153+00:00
AH_601828_01528,美凯龙,601828,01528,SH,601828.SS,01528.HK,消费,active,validated_202_snapshot_2026-07-30,2026-08-07T07:22:12.111153+00:00
AH_002881_03268,美格智能,002881,03268,SZ,002881.SZ,03268.HK,科技电子,active,validated_202_snapshot_2026-07-30,2026-08-07T07:22:12.111153+00:00
AH_000333_00300,美的集团,000333,00300,SZ,000333.SZ,00300.HK,消费,active,validated_202_snapshot_2026-07-30,2026-08-07T07:22:12.111153+00:00
AH_300476_02476,胜宏科技,300476,02476,SZ,300476.SZ,02476.HK,科技电子,active,validated_202_snapshot_2026-07-30,2026-08-07T07:22:12.111153+00:00
AH_688630_09630,芯碁微装,688630,09630,SH,688630.SS,09630.HK,科技电子,active,validated_202_snapshot_2026-07-30,2026-08-07T07:22:12.111153+00:00
AH_688331_09995,荣昌生物,688331,09995,SH,688331.SS,09995.HK,医药医疗,active,validated_202_snapshot_2026-07-30,2026-08-07T07:22:12.111153+00:00
AH_603259_02359,药明康德,603259,02359,SH,603259.SS,02359.HK,医药医疗,active,validated_202_snapshot_2026-07-30,2026-08-07T07:22:12.111153+00:00
AH_300433_06613,蓝思科技,300433,06613,SZ,300433.SZ,06613.HK,科技电子,active,validated_202_snapshot_2026-07-30,2026-08-07T07:22:12.111153+00:00
AH_688428_09969,诺诚健华,688428,09969,SH,688428.SS,09969.HK,综合,active,validated_202_snapshot_2026-07-30,2026-08-07T07:22:12.111153+00:00
AH_603501_00501,豪威集团,603501,00501,SH,603501.SS,00501.HK,综合,active,validated_202_snapshot_2026-07-30,2026-08-07T07:22:12.111153+00:00
AH_601127_09927,赛力斯,601127,09927,SH,601127.SS,09927.HK,汽车与装备,active,validated_202_snapshot_2026-07-30,2026-08-07T07:22:12.111153+00:00
AH_002460_01772,赣锋锂业,002460,01772,SZ,002460.SZ,01772.HK,有色与材料,active,validated_202_snapshot_2026-07-30,2026-08-07T07:22:12.111153+00:00
AH_600988_06693,赤峰黄金,600988,06693,SH,600988.SS,06693.HK,有色与材料,active,validated_202_snapshot_2026-07-30,2026-08-07T07:22:12.111153+00:00
AH_601880_02880,辽港股份,601880,02880,SH,601880.SS,02880.HK,交通运输,active,validated_202_snapshot_2026-07-30,2026-08-07T07:22:12.111153+00:00
AH_688062_02493,迈威生物-U,688062,02493,SH,688062.SS,02493.HK,医药医疗,active,validated_202_snapshot_2026-07-30,2026-08-07T07:22:12.111153+00:00
AH_601658_01658,邮储银行,601658,01658,SH,601658.SS,01658.HK,银行,active,validated_202_snapshot_2026-07-30,2026-08-07T07:22:12.111153+00:00
AH_002936_06196,郑州银行,002936,06196,SZ,002936.SZ,06196.HK,银行,active,validated_202_snapshot_2026-07-30,2026-08-07T07:22:12.111153+00:00
AH_601005_01053,重庆钢铁,601005,01053,SH,601005.SS,01053.HK,有色与材料,active,validated_202_snapshot_2026-07-30,2026-08-07T07:22:12.111153+00:00
AH_601963_01963,重庆银行,601963,01963,SH,601963.SS,01963.HK,银行,active,validated_202_snapshot_2026-07-30,2026-08-07T07:22:12.111153+00:00
AH_300748_06680,金力永磁,300748,06680,SZ,300748.SZ,06680.HK,有色与材料,active,validated_202_snapshot_2026-07-30,2026-08-07T07:22:12.111153+00:00
AH_601992_02009,金隅集团,601992,02009,SH,601992.SS,02009.HK,有色与材料,active,validated_202_snapshot_2026-07-30,2026-08-07T07:22:12.111153+00:00
AH_002202_02208,金风科技,002202,02208,SZ,002202.SZ,02208.HK,科技电子,active,validated_202_snapshot_2026-07-30,2026-08-07T07:22:12.111153+00:00
AH_002865_02865,钧达股份,002865,02865,SZ,002865.SZ,02865.HK,综合,active,validated_202_snapshot_2026-07-30,2026-08-07T07:22:12.111153+00:00
AH_601633_02333,长城汽车,601633,02333,SH,601633.SS,02333.HK,汽车与装备,active,validated_202_snapshot_2026-07-30,2026-08-07T07:22:12.111153+00:00
AH_601869_06869,长飞光纤,601869,06869,SH,601869.SS,06869.HK,科技电子,active,validated_202_snapshot_2026-07-30,2026-08-07T07:22:12.111153+00:00
AH_600600_00168,青岛啤酒,600600,00168,SH,600600.SS,00168.HK,消费,active,validated_202_snapshot_2026-07-30,2026-08-07T07:22:12.111153+00:00
AH_601298_06198,青岛港,601298,06198,SH,601298.SS,06198.HK,交通运输,active,validated_202_snapshot_2026-07-30,2026-08-07T07:22:12.111153+00:00
AH_002948_03866,青岛银行,002948,03866,SZ,002948.SZ,03866.HK,银行,active,validated_202_snapshot_2026-07-30,2026-08-07T07:22:12.111153+00:00
AH_000898_00347,鞍钢股份,000898,00347,SZ,000898.SZ,00347.HK,综合,active,validated_202_snapshot_2026-07-30,2026-08-07T07:22:12.111153+00:00
AH_002352_06936,顺丰控股,002352,06936,SZ,002352.SZ,06936.HK,综合,active,validated_202_snapshot_2026-07-30,2026-08-07T07:22:12.111153+00:00
AH_002600_01688,领益智造,002600,01688,SZ,002600.SZ,01688.HK,综合,active,validated_202_snapshot_2026-07-30,2026-08-07T07:22:12.111153+00:00
AH_600808_00323,马钢股份,600808,00323,SH,600808.SS,00323.HK,综合,active,validated_202_snapshot_2026-07-30,2026-08-07T07:22:12.111153+00:00
AH_301377_01377,鼎泰高科,301377,01377,SZ,301377.SZ,01377.HK,综合,active,validated_202_snapshot_2026-07-30,2026-08-07T07:22:12.111153+00:00
AH_603341_09611,龙旗科技,603341,09611,SH,603341.SS,09611.HK,科技电子,active,validated_202_snapshot_2026-07-30,2026-08-07T07:22:12.111153+00:00
AH_001289_00916,龙源电力,001289,00916,SZ,001289.SZ,00916.HK,能源电力,active,validated_202_snapshot_2026-07-30,2026-08-07T07:22:12.111153+00:00
AH_603906_02465,龙蟠科技,603906,02465,SH,603906.SS,02465.HK,科技电子,active,validated_202_snapshot_2026-07-30,2026-08-07T07:22:12.111153+00:00
