company_name,a_code,h_code,status,source
万  科Ａ,000002,02202,active,validated_202_snapshot_2026-07-30
中集集团,000039,02039,active,validated_202_snapshot_2026-07-30
中兴通讯,000063,00763,active,validated_202_snapshot_2026-07-30
中联重科,000157,01157,active,validated_202_snapshot_2026-07-30
申万宏源,000166,06806,active,validated_202_snapshot_2026-07-30
美的集团,000333,00300,active,validated_202_snapshot_2026-07-30
潍柴动力,000338,02338,active,validated_202_snapshot_2026-07-30
ST晨鸣,000488,01812,active,validated_202_snapshot_2026-07-30
丽珠集团,000513,01513,active,validated_202_snapshot_2026-07-30
新华制药,000756,00719,active,validated_202_snapshot_2026-07-30
广发证券,000776,01776,active,validated_202_snapshot_2026-07-30
鞍钢股份,000898,00347,active,validated_202_snapshot_2026-07-30
海信家电,000921,00921,active,validated_202_snapshot_2026-07-30
弘业期货,001236,03678,active,validated_202_snapshot_2026-07-30
龙源电力,001289,00916,active,validated_202_snapshot_2026-07-30
广合科技,001389,01989,active,validated_202_snapshot_2026-07-30
三花智控,002050,02050,active,validated_202_snapshot_2026-07-30
沃尔核材,002130,09981,active,validated_202_snapshot_2026-07-30
金风科技,002202,02208,active,validated_202_snapshot_2026-07-30
顺丰控股,002352,06936,active,validated_202_snapshot_2026-07-30
海普瑞,002399,09989,active,validated_202_snapshot_2026-07-30
赣锋锂业,002460,01772,active,validated_202_snapshot_2026-07-30
天齐锂业,002466,09696,active,validated_202_snapshot_2026-07-30
立讯精密,002475,02475,active,validated_202_snapshot_2026-07-30
大金重工,002487,01081,active,validated_202_snapshot_2026-07-30
山东墨龙,002490,00568,active,validated_202_snapshot_2026-07-30
比亚迪,002594,01211,active,validated_202_snapshot_2026-07-30
领益智造,002600,01688,active,validated_202_snapshot_2026-07-30
东江环保,002672,00895,active,validated_202_snapshot_2026-07-30
浙江世宝,002703,01057,active,validated_202_snapshot_2026-07-30
牧原股份,002714,02714,active,validated_202_snapshot_2026-07-30
埃斯顿,002747,02715,active,validated_202_snapshot_2026-07-30
国恩股份,002768,02768,active,validated_202_snapshot_2026-07-30
吉宏股份,002803,02603,active,validated_202_snapshot_2026-07-30
凯莱英,002821,06821,active,validated_202_snapshot_2026-07-30
钧达股份,002865,02865,active,validated_202_snapshot_2026-07-30
美格智能,002881,03268,active,validated_202_snapshot_2026-07-30
郑州银行,002936,06196,active,validated_202_snapshot_2026-07-30
青岛银行,002948,03866,active,validated_202_snapshot_2026-07-30
兆威机电,003021,02692,active,validated_202_snapshot_2026-07-30
中国广核,003816,01816,active,validated_202_snapshot_2026-07-30
国民技术,300077,02701,active,validated_202_snapshot_2026-07-30
泰格医药,300347,03347,active,validated_202_snapshot_2026-07-30
三环集团,300408,06951,active,validated_202_snapshot_2026-07-30
蓝思科技,300433,06613,active,validated_202_snapshot_2026-07-30
先导智能,300450,00470,active,validated_202_snapshot_2026-07-30
胜宏科技,300476,02476,active,validated_202_snapshot_2026-07-30
星源材质,300568,06067,active,validated_202_snapshot_2026-07-30
广和通,300638,00638,active,validated_202_snapshot_2026-07-30
圣邦股份,300661,03661,active,validated_202_snapshot_2026-07-30
金力永磁,300748,06680,active,validated_202_snapshot_2026-07-30
宁德时代,300750,03750,active,validated_202_snapshot_2026-07-30
康龙化成,300759,03759,active,validated_202_snapshot_2026-07-30
安克创新,300866,00668,active,validated_202_snapshot_2026-07-30
中伟新材,300919,02579,active,validated_202_snapshot_2026-07-30
可孚医疗,301087,01187,active,validated_202_snapshot_2026-07-30
大族数控,301200,03200,active,validated_202_snapshot_2026-07-30
鼎泰高科,301377,01377,active,validated_202_snapshot_2026-07-30
华能国际,600011,00902,active,validated_202_snapshot_2026-07-30
皖通高速,600012,00995,active,validated_202_snapshot_2026-07-30
民生银行,600016,01988,active,validated_202_snapshot_2026-07-30
中远海能,600026,01138,active,validated_202_snapshot_2026-07-30
华电国际,600027,01071,active,validated_202_snapshot_2026-07-30
中国石化,600028,00386,active,validated_202_snapshot_2026-07-30
南方航空,600029,01055,active,validated_202_snapshot_2026-07-30
中信证券,600030,06030,active,validated_202_snapshot_2026-07-30
三一重工,600031,06031,active,validated_202_snapshot_2026-07-30
招商银行,600036,03968,active,validated_202_snapshot_2026-07-30
中国东航,600115,00670,active,validated_202_snapshot_2026-07-30
兖矿能源,600188,01171,active,validated_202_snapshot_2026-07-30
复星医药,600196,02196,active,validated_202_snapshot_2026-07-30
恒瑞医药,600276,01276,active,validated_202_snapshot_2026-07-30
白云山,600332,00874,active,validated_202_snapshot_2026-07-30
江西铜业,600362,00358,active,validated_202_snapshot_2026-07-30
宁沪高速,600377,00177,active,validated_202_snapshot_2026-07-30
山东黄金,600547,01787,active,validated_202_snapshot_2026-07-30
深高速,600548,00548,active,validated_202_snapshot_2026-07-30
海螺水泥,600585,00914,active,validated_202_snapshot_2026-07-30
青岛啤酒,600600,00168,active,validated_202_snapshot_2026-07-30
大众公用,600635,01635,active,validated_202_snapshot_2026-07-30
福耀玻璃,600660,03606,active,validated_202_snapshot_2026-07-30
中船防务,600685,00317,active,validated_202_snapshot_2026-07-30
上海石化,600688,00338,active,validated_202_snapshot_2026-07-30
海尔智家,600690,06690,active,validated_202_snapshot_2026-07-30
均胜电子,600699,00699,active,validated_202_snapshot_2026-07-30
南京熊猫,600775,00553,active,validated_202_snapshot_2026-07-30
华新建材,600801,06655,active,validated_202_snapshot_2026-07-30
马钢股份,600808,00323,active,validated_202_snapshot_2026-07-30
京城股份,600860,00187,active,validated_202_snapshot_2026-07-30
石化油服,600871,01033,active,validated_202_snapshot_2026-07-30
创业环保,600874,01065,active,validated_202_snapshot_2026-07-30
东方电气,600875,01072,active,validated_202_snapshot_2026-07-30
凯盛新能,600876,01108,active,validated_202_snapshot_2026-07-30
中国海油,600938,00883,active,validated_202_snapshot_2026-07-30
中国移动,600941,00941,active,validated_202_snapshot_2026-07-30
新天绿能,600956,00956,active,validated_202_snapshot_2026-07-30
东方证券,600958,03958,active,validated_202_snapshot_2026-07-30
赤峰黄金,600988,06693,active,validated_202_snapshot_2026-07-30
招商证券,600999,06099,active,validated_202_snapshot_2026-07-30
重庆钢铁,601005,01053,active,validated_202_snapshot_2026-07-30
一拖股份,601038,00038,active,validated_202_snapshot_2026-07-30
中信建投,601066,06066,active,validated_202_snapshot_2026-07-30
中铝国际,601068,02068,active,validated_202_snapshot_2026-07-30
渝农商行,601077,03618,active,validated_202_snapshot_2026-07-30
中国神华,601088,01088,active,validated_202_snapshot_2026-07-30
四川成渝,601107,00107,active,validated_202_snapshot_2026-07-30
中国国航,601111,00753,active,validated_202_snapshot_2026-07-30
赛力斯,601127,09927,active,validated_202_snapshot_2026-07-30
XD中国铁,601186,01186,active,validated_202_snapshot_2026-07-30
国泰海通,601211,02611,active,validated_202_snapshot_2026-07-30
广汽集团,601238,02238,active,validated_202_snapshot_2026-07-30
农业银行,601288,01288,active,validated_202_snapshot_2026-07-30
青岛港,601298,06198,active,validated_202_snapshot_2026-07-30
中国平安,601318,02318,active,validated_202_snapshot_2026-07-30
中国人保,601319,01339,active,validated_202_snapshot_2026-07-30
秦港股份,601326,03369,active,validated_202_snapshot_2026-07-30
交通银行,601328,03328,active,validated_202_snapshot_2026-07-30
绿色动力,601330,01330,active,validated_202_snapshot_2026-07-30
广深铁路,601333,00525,active,validated_202_snapshot_2026-07-30
新华保险,601336,01336,active,validated_202_snapshot_2026-07-30
中原证券,601375,01375,active,validated_202_snapshot_2026-07-30
中国中铁,601390,00390,active,validated_202_snapshot_2026-07-30
工商银行,601398,01398,active,validated_202_snapshot_2026-07-30
XD国联民,601456,01456,active,validated_202_snapshot_2026-07-30
北辰实业,601588,00588,active,validated_202_snapshot_2026-07-30
中国外运,601598,00598,active,validated_202_snapshot_2026-07-30
中国铝业,601600,02600,active,validated_202_snapshot_2026-07-30
中国太保,601601,02601,active,validated_202_snapshot_2026-07-30
上海医药,601607,02607,active,validated_202_snapshot_2026-07-30
中国中冶,601618,01618,active,validated_202_snapshot_2026-07-30
中国人寿,601628,02628,active,validated_202_snapshot_2026-07-30
长城汽车,601633,02333,active,validated_202_snapshot_2026-07-30
邮储银行,601658,01658,active,validated_202_snapshot_2026-07-30
滨化股份,601678,06745,active,validated_202_snapshot_2026-07-30
华泰证券,601688,06886,active,validated_202_snapshot_2026-07-30
中创智领,601717,00564,active,validated_202_snapshot_2026-07-30
上海电气,601727,02727,active,validated_202_snapshot_2026-07-30
中国电信,601728,00728,active,validated_202_snapshot_2026-07-30
中国中车,601766,01766,active,validated_202_snapshot_2026-07-30
光大证券,601788,06178,active,validated_202_snapshot_2026-07-30
中国交建,601800,01800,active,validated_202_snapshot_2026-07-30
中海油服,601808,02883,active,validated_202_snapshot_2026-07-30
新华文轩,601811,00811,active,validated_202_snapshot_2026-07-30
光大银行,601818,06818,active,validated_202_snapshot_2026-07-30
美凯龙,601828,01528,active,validated_202_snapshot_2026-07-30
中国石油,601857,00857,active,validated_202_snapshot_2026-07-30
福莱特,601865,06865,active,validated_202_snapshot_2026-07-30
中远海发,601866,02866,active,validated_202_snapshot_2026-07-30
中国能建,601868,03996,active,validated_202_snapshot_2026-07-30
长飞光纤,601869,06869,active,validated_202_snapshot_2026-07-30
辽港股份,601880,02880,active,validated_202_snapshot_2026-07-30
中国银河,601881,06881,active,validated_202_snapshot_2026-07-30
中国中免,601888,01880,active,validated_202_snapshot_2026-07-30
中煤能源,601898,01898,active,validated_202_snapshot_2026-07-30
紫金矿业,601899,02899,active,validated_202_snapshot_2026-07-30
浙商银行,601916,02016,active,validated_202_snapshot_2026-07-30
中远海控,601919,01919,active,validated_202_snapshot_2026-07-30
建设银行,601939,00939,active,validated_202_snapshot_2026-07-30
重庆银行,601963,01963,active,validated_202_snapshot_2026-07-30
中国银行,601988,03988,active,validated_202_snapshot_2026-07-30
大唐发电,601991,00991,active,validated_202_snapshot_2026-07-30
金隅集团,601992,02009,active,validated_202_snapshot_2026-07-30
中金公司,601995,03908,active,validated_202_snapshot_2026-07-30
中信银行,601998,00998,active,validated_202_snapshot_2026-07-30
剑桥科技,603083,06166,active,validated_202_snapshot_2026-07-30
南华期货,603093,02691,active,validated_202_snapshot_2026-07-30
昭衍新药,603127,06127,active,validated_202_snapshot_2026-07-30
药明康德,603259,02359,active,validated_202_snapshot_2026-07-30
海天味业,603288,03288,active,validated_202_snapshot_2026-07-30
华勤技术,603296,03296,active,validated_202_snapshot_2026-07-30
龙旗科技,603341,09611,active,validated_202_snapshot_2026-07-30
安井食品,603345,02648,active,validated_202_snapshot_2026-07-30
豪威集团,603501,00501,active,validated_202_snapshot_2026-07-30
龙蟠科技,603906,02465,active,validated_202_snapshot_2026-07-30
兆易创新,603986,03986,active,validated_202_snapshot_2026-07-30
洛阳钼业,603993,03993,active,validated_202_snapshot_2026-07-30
安德利,605198,02218,active,validated_202_snapshot_2026-07-30
东鹏饮料,605499,09980,active,validated_202_snapshot_2026-07-30
澜起科技,688008,06809,active,validated_202_snapshot_2026-07-30
中国通号,688009,03969,active,validated_202_snapshot_2026-07-30
纳芯微,688052,02676,active,validated_202_snapshot_2026-07-30
迈威生物-U,688062,02493,active,validated_202_snapshot_2026-07-30
君实生物-U,688180,01877,active,validated_202_snapshot_2026-07-30
康希诺,688185,06185,active,validated_202_snapshot_2026-07-30
时代电气,688187,03898,active,validated_202_snapshot_2026-07-30
天岳先进,688234,02631,active,validated_202_snapshot_2026-07-30
百济神州,688235,06160,active,validated_202_snapshot_2026-07-30
春立医疗,688236,01858,active,validated_202_snapshot_2026-07-30
晶合集成,688249,02249,active,validated_202_snapshot_2026-07-30
峰岹科技,688279,01304,active,validated_202_snapshot_2026-07-30
荣昌生物,688331,09995,active,validated_202_snapshot_2026-07-30
普源精电,688337,00537,active,validated_202_snapshot_2026-07-30
亿华通-U,688339,02402,active,validated_202_snapshot_2026-07-30
华虹宏力,688347,01347,active,validated_202_snapshot_2026-07-30
昊海生科,688366,06826,active,validated_202_snapshot_2026-07-30
复旦微电,688385,01385,active,validated_202_snapshot_2026-07-30
诺诚健华,688428,09969,active,validated_202_snapshot_2026-07-30
复旦张江,688505,01349,active,validated_202_snapshot_2026-07-30
芯碁微装,688630,09630,active,validated_202_snapshot_2026-07-30
百奥赛图,688796,02315,active,validated_202_snapshot_2026-07-30
中芯国际,688981,00981,active,validated_202_snapshot_2026-07-30
中际旭创,300308,03308,active,validated_202_snapshot_2026-07-30
