company_id,company_name,industry,date,a_ticker,h_ticker,a_close,h_close,fx_cnh_per_hkd,a_premium_pct,premium_change_pp,change_z,premium_percentile,comparability_score,comparability_label,analysis_status,comparability_reasons,a_contribution_pp,h_contribution_pp,fx_contribution_pp,data_source,industry_common_change_pp,company_residual_pp,driver_market,severity_score,anomaly_level
AH_002594_01211,比亚迪,汽车与装备,2026-08-05,002594.SZ,01211.HK,23.661433066525703,13.811912628498275,0.9129743814323732,87.64138539258464,13.038848180723335,5.106493998333106,1.0,100,高,可分析,未发现明显机械价格问题,-1.5008821053181645,14.451443073652333,0.08828721238916633,demo_full_universe,0.5243703677028932,12.514477813020441,H股,100.0,高
AH_600030_06030,中信证券,证券与金融,2026-08-05,600030.SS,06030.HK,12.414307979822713,7.548548028105405,0.9129743814323732,80.13599451070827,10.386641178575928,4.44762462877083,1.0,100,高,可分析,未发现明显机械价格问题,3.1447637589524717,7.156621993153607,0.08525542646984974,demo_full_universe,0.34817525856095166,10.038465920014977,H股,95.6,高
AH_601318_02318,中国平安,保险,2026-08-05,601318.SS,02318.HK,23.89155344285164,15.12715764612022,0.9129743814323732,72.99297392871529,7.285328335972068,3.411605511306952,0.9444444444444444,100,高,可分析,未发现明显机械价格问题,6.510799333525296,0.6919908009433277,0.082538201503444,demo_full_universe,0.3668258534298232,6.9185024825422445,A股,81.7,高
AH_600876_01108,凯盛新能,综合,2026-08-05,600876.SS,01108.HK,31.40309199976573,15.383117317717788,0.9129743814323732,123.59879986482625,-3.0551881573855724,-1.5247232611440313,0.9285714285714286,100,高,可分析,未发现明显机械价格问题,-4.3764392956573035,1.211523164563469,0.10972797370826252,demo_full_universe,-0.005874849677844907,-3.0493133077077275,A股,53.9,中
AH_300866_00668,安克创新,综合,2026-08-05,300866.SZ,00668.HK,24.85984103242268,18.358031189384644,0.9129743814323732,48.32475944561683,2.1728191646735553,1.3674590619521254,1.0,100,高,可分析,未发现明显机械价格问题,0.21722002825132827,1.8838359938560483,0.07176314256617881,demo_full_universe,-0.005874849677844907,2.1786940143514,H股,52.7,中
AH_603093_02691,南华期货,证券与金融,2026-08-05,603093.SS,02691.HK,34.58799140266124,21.605103451452788,0.9129743814323732,75.35186973211559,-2.1974406235271147,-1.4246193222136427,0.9365079365079365,100,高,可分析,未发现明显机械价格问题,-0.8903272358457907,-1.3931143962929606,0.08600100861163658,demo_full_universe,0.34817525856095166,-2.5456158820880663,H股,51.8,中
AH_601107_00107,四川成渝,综合,2026-08-05,601107.SS,00107.HK,38.57966326549055,18.40099571532103,0.9129743814323732,129.64580545253423,2.754496619231574,1.0188982522214742,0.9682539682539683,100,高,可分析,未发现明显机械价格问题,-0.3403339815455553,2.9835730436668513,0.11125755711027807,demo_full_universe,-0.005874849677844907,2.760371468909419,H股,50.5,中
AH_600808_00323,马钢股份,综合,2026-08-05,600808.SS,00323.HK,11.951524293748443,6.359717558724803,0.9129743814323732,105.83862816487554,2.879369736758534,1.2159794875531473,0.9126984126984127,100,高,可分析,未发现明显机械价格问题,-0.4893239958101982,3.2690698813858297,0.09962385118290247,demo_full_universe,-0.005874849677844907,2.8852445864363787,H股,50.3,中
AH_601995_03908,中金公司,证券与金融,2026-08-05,601995.SS,03908.HK,73.82175035729053,50.3766037216902,0.9129743814323732,60.50806613231079,2.4919838798586014,1.2870508765147308,0.9285714285714286,100,高,可分析,未发现明显机械价格问题,1.4187653335605102,0.9955955928957453,0.07762295340234597,demo_full_universe,0.34817525856095166,2.1438086212976497,A股,49.1,中
AH_600688_00338,上海石化,能源电力,2026-08-05,600688.SS,00338.HK,52.72990165906414,33.00806805691262,0.9129743814323732,74.97591133402703,-1.4063638641705722,-1.153754450689948,0.996031746031746,100,高,可分析,未发现明显机械价格问题,-1.2219230089386623,-0.27006621024469507,0.08562535501278508,demo_full_universe,0.104199264083352,-1.5105631282539242,A股,48.8,中
AH_688981_00981,中芯国际,科技电子,2026-08-05,688981.SS,00981.HK,73.79458113137224,44.46043733635021,0.9129743814323732,81.79927647136871,2.5166324166286955,1.212654453696448,0.9285714285714286,100,高,可分析,未发现明显机械价格问题,1.2654415229649179,1.163196623034563,0.08799427062921457,demo_full_universe,0.3104103425384608,2.2062220740902347,A股,48.7,中
AH_601298_06198,青岛港,交通运输,2026-08-05,601298.SS,06198.HK,13.641937541378605,8.892083280768338,0.9129743814323732,68.04049188475408,-1.6056868998900455,-1.2340734603800307,0.9325396825396826,100,高,可分析,未发现明显机械价格问题,0.3597677106715456,-2.047748758049041,0.08229414748745019,demo_full_universe,0.011917869902092093,-1.6176047697921376,H股,47.2,中
AH_002714_02714,牧原股份,消费,2026-08-05,002714.SZ,02714.HK,73.76488960741125,30.19764444809441,0.9129743814323732,167.55805997734953,-2.293130999449005,-1.0891190118367489,0.9126984126984127,100,高,可分析,未发现明显机械价格问题,1.7026070272332419,-4.126706055695678,0.13096802901343096,demo_full_universe,-0.11753509257742678,-2.1755959068715782,H股,47.0,中
AH_601238_02238,广汽集团,综合,2026-08-05,601238.SS,02238.HK,68.02864961808908,47.38879441969146,0.9129743814323732,57.23803171929591,-1.1043457390734304,-1.0429133781626625,0.9722222222222222,100,高,可分析,未发现明显机械价格问题,-2.094178079220472,0.9129248529720234,0.07690748717501823,demo_full_universe,-0.005874849677844907,-1.0984708893955855,A股,45.7,中
AH_000039_02039,中集集团,综合,2026-08-05,000039.SZ,02039.HK,15.137219966625914,9.062544168976965,0.9129743814323732,82.95209817000703,-1.9548575428927961,-1.0231378672334612,0.9047619047619048,100,高,可分析,未发现明显机械价格问题,0.3010839150777566,-2.3455885448420566,0.08964708687150373,demo_full_universe,-0.005874849677844907,-1.9489826932149512,H股,45.5,中
AH_600196_02196,复星医药,医药医疗,2026-08-05,600196.SS,02196.HK,70.73108671932367,39.70259181850605,0.9129743814323732,95.13397016120963,-1.6723654802603392,-0.9496957797346871,0.9126984126984127,100,高,可分析,未发现明显机械价格问题,-0.7350477767820962,-1.0328327092797736,0.0955150058015306,demo_full_universe,0.23563111295013428,-1.9079965932104734,H股,45.1,中
AH_601398_01398,工商银行,银行,2026-08-05,601398.SS,01398.HK,50.90152985780954,26.521672018538027,0.9129743814323732,110.21869907964002,-1.4112375797966337,-0.9852984333444565,0.9841269841269841,100,高,可分析,未发现明显机械价格问题,-3.1835923393123124,1.669548795745726,0.10280596376995277,demo_full_universe,-0.504429496890964,-0.9068080829056697,A股,45.1,中
AH_600011_00902,华能国际,能源电力,2026-08-05,600011.SS,00902.HK,5.894157693949378,4.702040171433415,0.9129743814323732,37.30198772806499,-1.6348728005348931,-1.1504776942940038,0.876984126984127,100,高,可分析,未发现明显机械价格问题,-1.5066485850359435,-0.19554310166567745,0.06731888616672776,demo_full_universe,0.104199264083352,-1.7390720646182452,A股,44.7,低
AH_601375_01375,中原证券,证券与金融,2026-08-05,601375.SS,01375.HK,43.07591271672782,24.117586279065712,0.9129743814323732,95.63297363044694,1.9914140602580517,0.7551257652140345,0.9603174603174603,100,高,可分析,未发现明显机械价格问题,1.7265665802526893,0.16998214407432735,0.09486533593103512,demo_full_universe,0.34817525856095166,1.6432388016971,A股,44.6,低
AH_688505_01349,复旦张江,医药医疗,2026-08-05,688505.SS,01349.HK,82.39198644303187,62.11210174437666,0.9129743814323732,45.294828745416304,-1.3648289026551481,-0.9520010444579325,0.9166666666666666,100,高,可分析,未发现明显机械价格问题,-1.9923607059307489,0.5563822673214579,0.07114953595414282,demo_full_universe,0.23563111295013428,-1.6004600156052824,A股,44.3,低
AH_601678_06745,滨化股份,综合,2026-08-05,601678.SS,06745.HK,44.61639826324843,31.47932983777288,0.9129743814323732,55.24243243351164,1.4164637628342263,0.7492872897673687,0.9603174603174603,100,高,可分析,未发现明显机械价格问题,-0.06682785244361256,1.4079721784464212,0.07531943683141762,demo_full_universe,-0.005874849677844907,1.4223386125120712,H股,43.9,低
AH_688187_03898,时代电气,汽车与装备,2026-08-05,688187.SS,03898.HK,58.74674703474745,39.59575869206191,0.9129743814323732,62.508680307118695,-0.8839723610386301,-0.7424806836416393,0.9642857142857143,100,高,可分析,未发现明显机械价格问题,-1.4439945712024713,0.4806001818338525,0.07942202832998883,demo_full_universe,0.5243703677028932,-1.4083427287415233,A股,43.9,低
AH_002672_00895,东江环保,房地产与公用,2026-08-05,002672.SZ,00895.HK,59.71944245345435,31.974353530291477,0.9129743814323732,104.57632881160946,1.8073401507820108,0.553476863839213,0.996031746031746,100,高,可分析,未发现明显机械价格问题,1.455637148786136,0.2524338581818573,0.09926914381401748,demo_full_universe,0.44458534191284116,1.3627548088691697,A股,43.5,低
AH_601880_02880,辽港股份,交通运输,2026-08-05,601880.SS,02880.HK,29.75358288744859,27.73344518507929,0.9129743814323732,17.510549226033454,-1.1922026695726302,-0.9005994806428586,0.06746031746031746,100,高,可分析,未发现明显机械价格问题,0.3277891500633287,-1.5775570470817464,0.05756522744578755,demo_full_universe,0.011917869902092093,-1.2041205394747223,H股,43.3,低
AH_002768_02768,国恩股份,综合,2026-08-05,002768.SZ,02768.HK,76.78954419899844,39.049525157209466,0.9129743814323732,115.39109363365205,1.5097571605103042,0.6103221649095675,0.9642857142857143,100,高,可分析,未发现明显机械价格问题,-0.7124300515463204,2.1175737310261553,0.1046134810304693,demo_full_universe,-0.005874849677844907,1.515632010188149,H股,43.2,低
AH_601288_01288,农业银行,银行,2026-08-05,601288.SS,01288.HK,12.959973197996844,10.371551891310824,0.9129743814323732,36.86795163640353,-1.5630953560366905,-1.161145221562986,0.8888888888888888,100,高,可分析,未发现明显机械价格问题,-2.372770176702646,0.7425837655346955,0.06709105513125972,demo_full_universe,-0.504429496890964,-1.0586658591457265,A股,43.2,低
AH_601066_06066,中信建投,综合,2026-08-05,601066.SS,06066.HK,22.081015428287383,18.323970588679103,0.9129743814323732,31.9899498959032,-2.12561128409574,-1.4181279995080645,0.25,100,高,可分析,未发现明显机械价格问题,-3.2530267876772823,1.0625637827216157,0.0648517208599267,demo_full_universe,-0.005874849677844907,-2.119736434417895,A股,43.0,低
AH_002460_01772,赣锋锂业,有色与材料,2026-08-05,002460.SZ,01772.HK,43.36435234507656,35.37038323896584,0.9129743814323732,34.28716579901116,-0.6074496656181196,-0.7140648000563671,0.9761904761904762,100,高,可分析,未发现明显机械价格问题,-1.4877900902642907,0.8147404904894167,0.06559993415675436,demo_full_universe,0.40595596080414964,-1.0134056264222693,A股,42.9,低
AH_301200_03200,大族数控,科技电子,2026-08-05,301200.SZ,03200.HK,79.34116961147662,45.7590685226488,0.9129743814323732,89.91655854071237,1.9708448005331007,0.7124816104526878,0.9246031746031746,100,高,可分析,未发现明显机械价格问题,0.4113999651885294,1.467360784863061,0.09208405048151036,demo_full_universe,0.3104103425384608,1.66043445799464,H股,42.9,低
AH_601992_02009,金隅集团,有色与材料,2026-08-05,601992.SS,02009.HK,52.26979337085361,40.95844358893723,0.9129743814323732,39.78119434138645,1.4765603010838078,0.9390560616497666,0.9246031746031746,100,高,可分析,未发现明显机械价格问题,-0.3931812923842036,1.801972198807756,0.06776939466025549,demo_full_universe,0.40595596080414964,1.0706043402796581,H股,42.8,低
AH_600699_00699,均胜电子,综合,2026-08-05,600699.SS,00699.HK,56.680195745019134,35.40783627602912,0.9129743814323732,75.33691532866635,1.4013021925119062,0.5614020717671149,0.9682539682539683,100,高,可分析,未发现明显机械价格问题,-0.3305334625609575,1.646718332545241,0.08511732252762272,demo_full_universe,-0.005874849677844907,1.4071770421897511,H股,42.6,低
AH_001389_01989,广合科技,科技电子,2026-08-05,001389.SZ,01989.HK,52.214653578064826,24.89810095016009,0.9129743814323732,129.70348611935472,-1.7039766915779637,-0.7512868958559044,0.876984126984127,100,高,可分析,未发现明显机械价格问题,-1.443368590599751,-0.37298000798046377,0.11237190700225123,demo_full_universe,0.3104103425384608,-2.0143870341164245,A股,42.4,低
AH_300476_02476,胜宏科技,科技电子,2026-08-05,300476.SZ,02476.HK,77.99553977400527,41.114575273073456,0.9129743814323732,107.78556263861975,-1.231922143683576,-0.7069012336288968,0.9166666666666666,100,高,可分析,未发现明显机械价格问题,-0.7549130174737803,-0.5785832603781719,0.10157413416837595,demo_full_universe,0.3104103425384608,-1.542332486222037,A股,42.1,低
AH_600956_00956,新天绿能,能源电力,2026-08-05,600956.SS,00956.HK,52.166774947836274,29.430527479382683,0.9129743814323732,94.14998059947955,1.559990252564802,0.5808273706090803,0.9484126984126984,100,高,可分析,未发现明显机械价格问题,-1.290267899783603,2.7560088432452594,0.09424930910314562,demo_full_universe,0.104199264083352,1.45579098848145,H股,42.1,低
AH_688235_06160,百济神州,医药医疗,2026-08-05,688235.SS,06160.HK,75.06185640659257,41.64730653430376,0.9129743814323732,97.41211002499375,-1.2534739491010924,-0.807632966090521,0.9007936507936508,100,高,可分析,未发现明显机械价格问题,-1.508352865676218,0.15835524814292987,0.09652366843219558,demo_full_universe,0.23563111295013428,-1.4891050620512267,A股,42.1,低
AH_002130_09981,沃尔核材,综合,2026-08-05,002130.SZ,09981.HK,40.0132009975881,22.69156513142936,0.9129743814323732,93.14356912185649,-1.5164786702444388,-0.8243829402988334,0.8809523809523809,100,高,可分析,未发现明显机械价格问题,-1.0457432837297087,-0.5652423456996326,0.09450695918490244,demo_full_universe,-0.005874849677844907,-1.510603820566594,A股,41.6,低
AH_601888_01880,中国中免,综合,2026-08-05,601888.SS,01880.HK,40.30496527745023,29.458447028927868,0.9129743814323732,49.861512658516574,1.3066315859107789,0.6764728316976323,0.9246031746031746,100,高,可分析,未发现明显机械价格问题,0.814041421080816,0.41986683405406566,0.07272333077589721,demo_full_universe,-0.005874849677844907,1.3125064355886238,A股,41.5,低
AH_000333_00300,美的集团,消费,2026-08-05,000333.SZ,00300.HK,25.14753154460967,15.691584234430712,0.9129743814323732,75.53752791732065,1.2168743718856518,0.4819924398257586,0.9563492063492064,100,高,可分析,未发现明显机械价格问题,0.6895186904519429,0.4420960199989021,0.08525966143480683,demo_full_universe,-0.11753509257742678,1.3344094644630786,A股,41.3,低
AH_600377_00177,宁沪高速,交通运输,2026-08-05,600377.SS,00177.HK,34.42394717585617,27.05033737195713,0.9129743814323732,39.389284713531204,-0.8285484224472626,-0.6713498449731816,0.9523809523809523,100,高,可分析,未发现明显机械价格问题,-0.4978790561138311,-0.39880910438840544,0.06813973805497398,demo_full_universe,0.011917869902092093,-0.8404662923493547,A股,41.1,低
AH_601038_00038,一拖股份,综合,2026-08-05,601038.SS,00038.HK,16.021873096671726,9.273997329182157,0.9129743814323732,89.22901550232227,1.2764049863168907,0.44524456213656705,0.9603174603174603,100,高,可分析,未发现明显机械价格问题,-0.19070196434595724,1.3751883588202862,0.09191859184256164,demo_full_universe,-0.005874849677844907,1.2822798359947356,H股,41.0,低
AH_002050_02050,三花智控,综合,2026-08-05,002050.SZ,02050.HK,18.53415287261696,10.160051983306566,0.9129743814323732,99.81046001832605,-1.51385726585373,-0.8041753019703102,0.8690476190476191,100,高,可分析,未发现明显机械价格问题,-2.5859550675927636,0.9743407923034155,0.09775700943561816,demo_full_universe,-0.005874849677844907,-1.507982416175885,A股,40.9,低
AH_601808_02883,中海油服,能源电力,2026-08-05,601808.SS,02883.HK,10.655218289633966,8.492144311269886,0.9129743814323732,37.43153412370697,0.9874507792540612,0.612987523399839,0.9523809523809523,100,高,可分析,未发现明显机械价格问题,-0.697589232505924,1.618296353925042,0.06674365783494333,demo_full_universe,0.104199264083352,0.8832515151707092,H股,40.8,低
AH_002202_02208,金风科技,科技电子,2026-08-05,002202.SZ,02208.HK,69.22711255758315,39.559719950737566,0.9129743814323732,91.67453486643258,-0.9497974481388951,-0.681569332785402,0.9087301587301587,100,高,可分析,未发现明显机械价格问题,1.0052889636547941,-2.0487403537845217,0.09365394199083237,demo_full_universe,0.3104103425384608,-1.2602077906773559,H股,40.7,低
AH_300750_03750,宁德时代,综合,2026-08-05,300750.SZ,03750.HK,67.65390060137281,46.96273073504808,0.9129743814323732,57.79052022435616,-2.146438153314236,-1.4101665877820215,0.3055555555555556,100,高,可分析,未发现明显机械价格问题,-0.6802056266991082,-1.5436617919089837,0.07742926529385603,demo_full_universe,-0.005874849677844907,-2.140563303636391,H股,40.7,低
AH_601991_00991,大唐发电,能源电力,2026-08-05,601991.SS,00991.HK,60.13844835760656,40.24526693270674,0.9129743814323732,63.673667971658034,1.313523182103964,0.5367092354226884,0.9404761904761905,100,高,可分析,未发现明显机械价格问题,-0.2947870167278725,1.5288561372743683,0.079454061557468,demo_full_universe,0.104199264083352,1.209323918020612,H股,40.7,低
AH_600938_00883,中国海油,能源电力,2026-08-05,600938.SS,00883.HK,46.14936778548757,37.26855227561431,0.9129743814323732,35.63277336150827,-1.2398569968735274,-0.8755418969242937,0.8611111111111112,100,高,可分析,未发现明显机械价格问题,-1.0336887755977042,-0.2725772548532331,0.06640903357741006,demo_full_universe,0.104199264083352,-1.3440562609568794,A股,40.6,低
AH_601898_01898,中煤能源,能源电力,2026-08-05,601898.SS,01898.HK,34.90830744268623,22.944057448271305,0.9129743814323732,66.6479515525754,-0.506307968988807,-0.5043842500921503,0.9920634920634921,100,高,可分析,未发现明显机械价格问题,-1.8619094635923308,1.2742532486724112,0.08134824593111271,demo_full_universe,0.104199264083352,-0.610507233072159,A股,40.6,低
AH_600660_03606,福耀玻璃,有色与材料,2026-08-05,600660.SS,03606.HK,37.019834643585,28.969519677574347,0.9129743814323732,39.96987954347237,-0.6068040928863638,-0.6727875418965285,0.9166666666666666,100,高,可分析,未发现明显机械价格问题,-1.4641545477482119,0.7889810043247181,0.06836945053712995,demo_full_universe,0.40595596080414964,-1.0127600536905135,A股,40.2,低
AH_601868_03996,中国能建,建筑工程,2026-08-05,601868.SS,03996.HK,41.41168886847333,32.16264446494402,0.9129743814323732,41.03035572232192,1.2964269093673764,0.7377378988530136,0.9801587301587301,100,高,可分析,未发现明显机械价格问题,-1.7188501738510122,2.9468524255188924,0.06842465769949631,demo_full_universe,1.2964269093673764,0.0,H股,40.1,低
AH_688234_02631,天岳先进,综合,2026-08-05,688234.SS,02631.HK,59.41159075055123,41.9447794041806,0.9129743814323732,55.1438894351425,1.0958921264572865,0.48234306946361816,0.9444444444444444,100,高,可分析,未发现明显机械价格问题,0.21139847258992125,0.8091442440863487,0.07534940978101663,demo_full_universe,-0.005874849677844907,1.1017669761351314,H股,40.1,低
AH_601330_01330,绿色动力,综合,2026-08-05,601330.SS,01330.HK,22.993827110714697,16.6882772483973,0.9129743814323732,50.91804274597398,1.5035519455681268,0.8340688909786703,0.8373015873015873,100,高,可分析,未发现明显机械价格问题,-0.9599922662876352,2.390352505205275,0.07319170665048702,demo_full_universe,-0.005874849677844907,1.5094267952459717,H股,39.9,低
AH_601919_01919,中远海控,交通运输,2026-08-05,601919.SS,01919.HK,41.40542885495117,20.620223815206355,0.9129743814323732,119.94055729397819,1.334155786074703,0.3004919748491135,0.9603174603174603,100,高,可分析,未发现明显机械价格问题,1.6841942741736677,-0.4569118813824555,0.10687339328349073,demo_full_universe,0.011917869902092093,1.322237916172611,A股,39.9,低
AH_603345_02648,安井食品,消费,2026-08-05,603345.SS,02648.HK,32.0933401991817,17.203511684805285,0.9129743814323732,104.33333430340683,0.9355447316684717,0.23070550003997561,0.9880952380952381,100,高,可分析,未发现明显机械价格问题,1.7264366580598889,-0.8902559013539673,0.09936397496255012,demo_full_universe,-0.11753509257742678,1.0530798242458985,A股,39.7,低
AH_600016_01988,民生银行,银行,2026-08-05,600016.SS,01988.HK,10.171079061466502,5.173604022192172,0.9129743814323732,115.33531175276441,-0.7103404265277646,-0.5523266947391752,0.9880952380952381,100,高,可分析,未发现明显机械价格问题,-3.199025613709589,2.383555427355693,0.10512975982613189,demo_full_universe,-0.504429496890964,-0.2059109296368007,A股,39.6,低
AH_603259_02359,药明康德,医药医疗,2026-08-05,603259.SS,02359.HK,103.12588951558944,64.87006699073422,0.9129743814323732,74.12645965128249,1.0505258447180381,0.4440685767947003,0.9603174603174603,100,高,可分析,未发现明显机械价格问题,-0.3609848942028459,1.3268979131760734,0.08461282574481051,demo_full_universe,0.23563111295013428,0.8148947317679038,H股,39.5,低
AH_000166_06806,申万宏源,证券与金融,2026-08-05,000166.SZ,06806.HK,60.54660130436004,36.48808450952741,0.9129743814323732,81.7523828762702,-0.9772081202322767,-0.5970740964882894,0.8849206349206349,100,高,可分析,未发现明显机械价格问题,-0.6036114582902078,-0.4624202654753849,0.08882360353331602,demo_full_universe,0.34817525856095166,-1.3253833787932283,A股,39.3,低
AH_688180_01877,君实生物-U,医药医疗,2026-08-05,688180.SS,01877.HK,61.89187632296336,31.31155293670136,0.9129743814323732,116.50625620304677,-0.4504694569080385,-0.377730048077773,0.9722222222222222,100,高,可分析,未发现明显机械价格问题,-0.2944279323365251,-0.2616757528932965,0.10563422832178304,demo_full_universe,0.23563111295013428,-0.6861005698581728,A股,39.1,低
AH_601800_01800,中国交建,交通运输,2026-08-05,601800.SS,01800.HK,9.78762296679337,5.74125311135995,0.9129743814323732,86.72907524286325,0.6710657453886455,0.26748602644116487,0.996031746031746,100,高,可分析,未发现明显机械价格问题,-0.6584603800860075,1.2386781978167225,0.09084792765793044,demo_full_universe,0.011917869902092093,0.6591478754865534,H股,39.0,低
AH_605499_09980,东鹏饮料,消费,2026-08-05,605499.SS,09980.HK,93.15427997949246,41.83479934716341,0.9129743814323732,143.8970412763227,1.3032129253745381,0.3914869754214972,0.9087301587301587,100,高,可分析,未发现明显机械价格问题,1.1034652483009684,0.08119074311406867,0.11855693395950102,demo_full_universe,-0.11753509257742678,1.420748017951965,A股,38.9,低
AH_300347_03347,泰格医药,医药医疗,2026-08-05,300347.SZ,03347.HK,27.17157169056458,19.80301452199052,0.9129743814323732,50.288193104398495,0.9806493463844888,0.48392523500077594,0.9404761904761905,100,高,可分析,未发现明显机械价格问题,-0.36983907882910216,1.277477228770774,0.07301119644281684,demo_full_universe,0.23563111295013428,0.7450182334343545,H股,38.8,低
AH_300077_02701,国民技术,综合,2026-08-05,300077.SZ,02701.HK,25.164550048097095,14.35554155397179,0.9129743814323732,92.00431886586722,-0.47713947639944365,-0.39407837921854433,0.9761904761904762,100,高,可分析,未发现明显机械价格问题,-0.5068522705974061,-0.0639857850001988,0.09369857919816127,demo_full_universe,-0.005874849677844907,-0.47126462672159875,A股,38.7,低
AH_603341_09611,龙旗科技,科技电子,2026-08-05,603341.SS,09611.HK,36.5212291448093,24.0458131677531,0.9129743814323732,66.35939259455425,-0.45935419645340403,-0.45301317237046784,0.9404761904761905,100,高,可分析,未发现明显机械价格问题,0.24423349317694232,-0.7847827862493943,0.081195096619048,demo_full_universe,0.3104103425384608,-0.7697645389918648,H股,38.6,低
AH_002803_02603,吉宏股份,综合,2026-08-05,002803.SZ,02603.HK,10.653406888146272,5.694263297739448,0.9129743814323732,104.92378962429632,0.989450300040545,0.40775127952168805,0.9285714285714286,100,高,可分析,未发现明显机械价格问题,-0.3961482279704048,1.2859603169194311,0.09963821109151876,demo_full_universe,-0.005874849677844907,0.9953251497183899,H股,38.5,低
AH_000157_01157,中联重科,汽车与装备,2026-08-05,000157.SZ,01157.HK,48.97348732894458,26.315465866544734,0.9129743814323732,103.84092274519676,1.2461910445593674,0.3986731572961925,0.9484126984126984,100,高,可分析,未发现明显机械价格问题,-0.7021927222484715,1.8493356074421616,0.0990481593656772,demo_full_universe,0.5243703677028932,0.7218206768564741,H股,38.4,低
AH_002936_06196,郑州银行,银行,2026-08-05,002936.SZ,06196.HK,59.982710503583895,33.24566110831346,0.9129743814323732,97.62074040222264,-0.04111263030726775,-0.28707899693488387,0.9841269841269841,100,高,可分析,未发现明显机械价格问题,-1.501970688733503,1.364527482348355,0.09633057607787994,demo_full_universe,-0.504429496890964,0.4633168665836962,A股,38.1,低
AH_300919_02579,中伟新材,有色与材料,2026-08-05,300919.SZ,02579.HK,42.19810348199792,21.944866376680533,0.9129743814323732,110.6208692977622,-0.596112158652673,-0.4130198864286799,0.9166666666666666,100,高,可分析,未发现明显机械价格问题,0.6947901352381033,-1.3937039069527064,0.10280161306193018,demo_full_universe,0.40595596080414964,-1.0020681194568226,H股,38.1,低
AH_000002_02202,万科Ａ,房地产与公用,2026-08-05,000002.SZ,02202.HK,4.544627808212186,2.9676670175592466,0.9129743814323732,67.73533499941966,-0.060143131808302996,-0.20093625301421625,0.996031746031746,100,高,可分析,未发现明显机械价格问题,-0.006049281236599313,-0.13586217242323073,0.08176832185152705,demo_full_universe,0.44458534191284116,-0.5047284737211442,H股,38.0,低
AH_600362_00358,江西铜业,有色与材料,2026-08-05,600362.SS,00358.HK,31.757799156757283,15.253354627920446,0.9129743814323732,128.0480900484098,0.9380665816679823,0.1644752325744915,1.0,100,高,可分析,未发现明显机械价格问题,-0.3960190113526778,1.2231641767474528,0.11092141627320729,demo_full_universe,0.40595596080414964,0.5321106208638327,H股,38.0,低
AH_601688_06886,华泰证券,证券与金融,2026-08-05,601688.SS,06886.HK,65.29895230906186,44.1703852364066,0.9129743814323732,61.92594307070376,1.0903491260531482,0.42721965617927443,0.9325396825396826,100,高,可分析,未发现明显机械价格问题,0.8015867464096189,0.21010606251607555,0.07865631712745369,demo_full_universe,0.34817525856095166,0.7421738674921965,A股,38.0,低
AH_601899_02899,紫金矿业,综合,2026-08-05,601899.SS,02899.HK,35.55435545505352,22.176239615100755,0.9129743814323732,75.60881539275826,0.8965002077663797,0.3306445398381189,0.9365079365079365,100,高,可分析,未发现明显机械价格问题,-0.4030055657689336,1.2141329046436933,0.08537286889162014,demo_full_universe,-0.005874849677844907,0.9023750574442246,H股,37.9,低
AH_601717_00564,中创智领,综合,2026-08-05,601717.SS,00564.HK,58.95528714173644,38.07454277575055,0.9129743814323732,69.60141489833751,-0.7017727217341729,-0.4745538958690546,0.9206349206349206,100,高,可分析,未发现明显机械价格问题,0.006135070619627925,-0.7907420404560952,0.08283424810229434,demo_full_universe,-0.005874849677844907,-0.695897872056328,H股,37.8,低
AH_601618_01618,中国中冶,建筑工程,2026-08-05,601618.SS,01618.HK,41.70201825073672,29.0449056219242,0.9129743814323732,57.26370868111903,0.16795433011817806,-0.07463313375245115,0.9642857142857143,100,高,可分析,未发现明显机械价格问题,-1.7313639215228669,1.8227077359571844,0.07661051568386057,demo_full_universe,1.2964269093673764,-1.1284725792491983,H股,37.7,低
AH_688331_09995,荣昌生物,医药医疗,2026-08-05,688331.SS,09995.HK,29.465572475391586,24.798613125796837,0.9129743814323732,30.14542282647017,-0.4593087191941301,-0.4369709884037547,0.9246031746031746,100,高,可分析,未发现明显机械价格问题,-0.9153331386259372,0.3924797757205602,0.06354464371124695,demo_full_universe,0.23563111295013428,-0.6949398321442644,A股,37.7,低
AH_600875_01072,东方电气,汽车与装备,2026-08-05,600875.SS,01072.HK,34.582430622066695,20.886821466345825,0.9129743814323732,81.35292668167502,0.869330000268576,0.2517860384424051,0.9880952380952381,100,高,可分析,未发现明显机械价格问题,-0.6980206857457342,1.479171296167242,0.08817938984706804,demo_full_universe,0.5243703677028932,0.34495963256568274,H股,37.6,低
AH_300308_03308,中际旭创,科技电子,2026-08-05,300308.SZ,03308.HK,20.540917266710466,13.095844891625358,0.9129743814323732,71.80180391325561,-0.7004084230598124,-0.4540926156877995,0.8928571428571429,100,高,可分析,未发现明显机械价格问题,-1.1349107088507868,0.3505957222962787,0.08390656349469576,demo_full_universe,0.3104103425384608,-1.0108187655982732,A股,37.5,低
AH_300748_06680,金力永磁,有色与材料,2026-08-05,300748.SZ,06680.HK,68.2582043617402,40.04199361305867,0.9129743814323732,86.71558776954953,0.9995488259616678,0.45555667701544383,0.9246031746031746,100,高,可分析,未发现明显机械价格问题,1.4577878497655448,-0.5490003010723683,0.09076127726849137,demo_full_universe,0.40595596080414964,0.5935928651575182,A股,37.5,低
AH_600026_01138,中远海能,交通运输,2026-08-05,600026.SS,01138.HK,10.92086297830016,7.084375003213822,0.9129743814323732,68.84835153368267,-0.9674718567300431,-0.6987782957699954,0.8452380952380952,100,高,可分析,未发现明显机械价格问题,-0.035847403195553795,-1.0141564074506562,0.08253195391616686,demo_full_universe,0.011917869902092093,-0.9793897266321352,H股,37.5,低
AH_601390_00390,中国中铁,建筑工程,2026-08-05,601390.SS,00390.HK,53.28584840197821,36.70882044116679,0.9129743814323732,58.994779264829944,1.5548977716083314,0.847032037803041,0.873015873015873,100,高,可分析,未发现明显机械价格问题,-1.758534784487755,3.2363151095061,0.07711744658998636,demo_full_universe,1.2964269093673764,0.25847086224095506,H股,37.5,低
AH_688337_00537,普源精电,综合,2026-08-05,688337.SS,00537.HK,30.427797561777563,15.621726705341334,0.9129743814323732,113.34520739632761,-0.4503951865711713,-0.47421316373363137,0.9325396825396826,100,高,可分析,未发现明显机械价格问题,-2.5008819617338247,1.946391369665065,0.10409540549758844,demo_full_universe,-0.005874849677844907,-0.4445203368933264,A股,37.5,低
AH_600871_01033,石化油服,能源电力,2026-08-05,600871.SS,01033.HK,32.14215034328828,16.343019116270874,0.9129743814323732,115.41902121974456,-0.1741726667142416,-0.2729020412521885,0.9841269841269841,100,高,可分析,未发现明显机械价格问题,-0.6969920946182905,0.41778232526389775,0.10503710264015116,demo_full_universe,0.104199264083352,-0.2783719307975936,A股,37.4,低
AH_600276_01276,恒瑞医药,医药医疗,2026-08-05,600276.SS,01276.HK,10.121770121256164,7.650576090888416,0.9129743814323732,44.911796200770304,0.8466614098909133,0.409438147130363,0.9285714285714286,100,高,可分析,未发现明显机械价格问题,-1.003438066548842,1.7796753101620695,0.07042416627768588,demo_full_universe,0.23563111295013428,0.611030296940779,H股,37.3,低
AH_002865_02865,钧达股份,综合,2026-08-05,002865.SZ,02865.HK,33.79592624719472,16.33704015020917,0.9129743814323732,126.5856417807259,-0.21324442061931848,-0.3650073786064484,0.9642857142857143,100,高,可分析,未发现明显机械价格问题,-1.135843743731802,0.8121099007616644,0.1104894223508192,demo_full_universe,-0.005874849677844907,-0.20736957094147357,A股,37.1,低
AH_601328_03328,交通银行,银行,2026-08-05,601328.SS,03328.HK,24.47233828146605,14.296111400392222,0.9129743814323732,87.49899853516958,0.021273034684639924,-0.13992537921085477,0.9841269841269841,100,高,可分析,未发现明显机械价格问题,-2.8509437900118875,2.7808321675784407,0.09138465711808645,demo_full_universe,-0.504429496890964,0.5257025315756039,A股,37.1,低
AH_601828_01528,美凯龙,消费,2026-08-05,601828.SS,01528.HK,20.80978693326244,12.136909629113369,0.9129743814323732,87.80230755934029,-0.6159541009188274,-0.40931755092650346,0.9285714285714286,100,高,可分析,未发现明显机械价格问题,-0.5428585538419691,-0.16477989172135446,0.09168434464449622,demo_full_universe,-0.11753509257742678,-0.4984190083414006,A股,37.0,低
AH_601127_09927,赛力斯,汽车与装备,2026-08-05,601127.SS,09927.HK,42.43552705594389,20.898807438306765,0.9129743814323732,122.40753923021205,-0.2161907186861356,-0.23804299748897506,0.9365079365079365,100,高,可分析,未发现明显机械价格问题,-2.5660952052108996,2.241448970542791,0.1084555159819729,demo_full_universe,0.5243703677028932,-0.7405610863890288,A股,36.7,低
AH_601326_03369,秦港股份,交通运输,2026-08-05,601326.SS,03369.HK,26.060346969799937,15.024264829705444,0.9129743814323732,89.98896299830086,-0.20229582749645658,-0.2823251306113574,0.9682539682539683,100,高,可分析,未发现明显机械价格问题,1.2871168362938619,-1.5820628536347527,0.0926501898444343,demo_full_universe,0.011917869902092093,-0.21421369739854867,H股,36.7,低
AH_601811_00811,新华文轩,综合,2026-08-05,601811.SS,00811.HK,10.45165913344932,5.7127600644818735,0.9129743814323732,100.39213028420826,0.682105491480101,0.31809360273322385,0.9246031746031746,100,高,可分析,未发现明显机械价格问题,-1.2712066388794294,1.8558069622437732,0.09750516811575712,demo_full_universe,-0.005874849677844907,0.6879803411579459,H股,36.7,低
AH_688347_01347,华虹宏力,科技电子,2026-08-05,688347.SS,01347.HK,36.26613147461923,26.295922944654592,0.9129743814323732,51.06164929889743,-0.0750432675435917,-0.20457415818541055,0.9722222222222222,100,高,可分析,未发现明显机械价格问题,0.01707466375563745,-0.16576318640075507,0.07364525510152593,demo_full_universe,0.3104103425384608,-0.3854536100820525,H股,36.7,低
AH_688796_02315,百奥赛图,综合,2026-08-05,688796.SS,02315.HK,8.029998228379785,4.59924181139857,0.9129743814323732,91.23642419171931,-1.9067201464414865,-0.9428287240791802,0.7063492063492064,100,高,可分析,未发现明显机械价格问题,-1.7393188151127295,-0.2610739343174207,0.0936726029886638,demo_full_universe,-0.005874849677844907,-1.9008452967636416,A股,36.7,低
AH_002881_03268,美格智能,科技电子,2026-08-05,002881.SZ,03268.HK,38.90228605280208,23.065851805772677,0.9129743814323732,84.73408521897437,0.579144220731024,0.21944928203291916,0.9761904761904762,100,高,可分析,未发现明显机械价格问题,0.9220431977739784,-0.4327967798725136,0.08989780282955924,demo_full_universe,0.3104103425384608,0.2687338781925632,A股,36.6,低
AH_600999_06099,招商证券,证券与金融,2026-08-05,600999.SS,06099.HK,67.62224472497624,35.6246783648911,0.9129743814323732,107.91223161086165,0.9361315447953729,0.2738022789130966,0.9404761904761905,100,高,可分析,未发现明显机械价格问题,-1.3695905455811896,2.2046133455068144,0.10110874486974808,demo_full_universe,0.34817525856095166,0.5879562862344212,H股,36.6,低
AH_000921_00921,海信家电,消费,2026-08-05,000921.SZ,00921.HK,43.53404039198557,23.00585418416185,0.9129743814323732,107.26788790828073,-0.39503341533935554,-0.41478456187831964,0.9325396825396826,100,高,可分析,未发现明显机械价格问题,-0.6757885470353031,0.17963709087489121,0.10111804082105635,demo_full_universe,-0.11753509257742678,-0.27749832276192876,A股,36.5,低
AH_002399_09989,海普瑞,综合,2026-08-05,002399.SZ,09989.HK,40.44453851736613,20.12237661747461,0.9129743814323732,120.1516881639312,0.7191625532873616,0.137674549089133,0.9523809523809523,100,高,可分析,未发现明显机械价格问题,-1.7391243749906664,2.3511594949824115,0.10712743329561647,demo_full_universe,-0.005874849677844907,0.7250374029652065,H股,36.5,低
AH_600036_03968,招商银行,银行,2026-08-05,600036.SS,03968.HK,19.712833916363174,10.7376218755105,0.9129743814323732,101.08624553674494,0.45502468092033155,0.0727648993530482,0.9484126984126984,100,高,可分析,未发现明显机械价格问题,-2.717161270035502,3.0742847003761917,0.09790125057964143,demo_full_universe,-0.504429496890964,0.9594541778112955,H股,36.5,低
AH_600547_01787,山东黄金,有色与材料,2026-08-05,600547.SS,01787.HK,9.66504370729798,7.262258329165606,0.9129743814323732,45.771807156190825,0.7377854087064151,0.4199358480009709,0.9246031746031746,100,高,可分析,未发现明显机械价格问题,1.2442459240389365,-0.577329784896604,0.07086926956408253,demo_full_universe,0.40595596080414964,0.33182944790226543,A股,36.4,低
AH_601111_00753,中国国航,交通运输,2026-08-05,601111.SS,00753.HK,37.61638418201159,19.426321252532,0.9129743814323732,112.09375923658436,0.9231104973347186,0.23578182122625826,0.9166666666666666,100,高,可分析,未发现明显机械价格问题,-0.07315126182213305,0.8931129344845132,0.10314882467233843,demo_full_universe,0.011917869902092093,0.9111926274326265,H股,36.4,低
AH_000063_00763,中兴通讯,科技电子,2026-08-05,000063.SZ,00763.HK,35.257045174590154,16.156850956671356,0.9129743814323732,139.01799676587063,0.6175621364315873,0.04744703324217645,1.0,100,高,可分析,未发现明显机械价格问题,1.926697919428193,-1.425482783627288,0.11634700063068237,demo_full_universe,0.3104103425384608,0.3071517938931265,A股,36.3,低
AH_002487_01081,大金重工,综合,2026-08-05,002487.SZ,01081.HK,69.5336497673944,44.96559334352992,0.9129743814323732,69.37765119029089,0.24170465234605842,-0.08741040848666111,0.996031746031746,100,高,可分析,未发现明显机械价格问题,-1.4642373807300757,1.6234456881092854,0.08249634496684877,demo_full_universe,-0.005874849677844907,0.24757950202390333,H股,36.3,低
AH_688249_02249,晶合集成,综合,2026-08-05,688249.SS,02249.HK,72.2981200147367,49.46086812416837,0.9129743814323732,60.10565752375088,0.48467450167111537,0.1777160312014919,0.9563492063492064,100,高,可分析,未发现明显机械价格问题,-1.2286963525296777,1.6354529946356777,0.07791785956511532,demo_full_universe,-0.005874849677844907,0.49054935134896027,H股,36.2,低
AH_601766_01766,中国中车,汽车与装备,2026-08-05,601766.SS,01766.HK,83.10779417500439,38.92496706599566,0.9129743814323732,133.8594428002169,-0.10086832851445138,-0.21836082942748555,0.9285714285714286,100,高,可分析,未发现明显机械价格问题,-2.058483643695548,1.8436070708091041,0.11400824437199238,demo_full_universe,0.5243703677028932,-0.6252386962173446,A股,35.8,低
AH_600012_00995,皖通高速,交通运输,2026-08-05,600012.SS,00995.HK,6.846604763146276,4.431435137669332,0.9129743814323732,69.22801867729032,0.43311441351244184,0.10037853458193663,0.9642857142857143,100,高,可分析,未发现明显机械价格问题,1.7887243466981317,-1.4379867855305548,0.08237685234486491,demo_full_universe,0.011917869902092093,0.42119654361034975,A股,35.7,低
AH_601088_01088,中国神华,能源电力,2026-08-05,601088.SS,01088.HK,26.52227967000304,14.849633605868398,0.9129743814323732,95.63048018516712,0.49327017403862783,0.0116279058728431,0.9841269841269841,100,高,可分析,未发现明显机械价格问题,-1.4644955616783928,1.862535174332405,0.09523056138461546,demo_full_universe,0.104199264083352,0.3890709099552758,H股,35.7,低
AH_601728_00728,中国电信,科技电子,2026-08-05,601728.SS,00728.HK,92.14980770081084,54.70912369168898,0.9129743814323732,84.49138179101439,0.4289192072808845,0.038373833965009485,1.0,100,高,可分析,未发现明显机械价格问题,0.40312584812267244,-0.06402260494333707,0.08981596410154917,demo_full_universe,0.3104103425384608,0.11850886474242373,A股,35.7,低
AH_002352_06936,顺丰控股,综合,2026-08-05,002352.SZ,06936.HK,35.16160001401104,30.50590581977963,0.9129743814323732,26.24846689417808,-1.0418571947039759,-0.7470834975251434,0.7857142857142857,100,高,可分析,未发现明显机械价格问题,-0.5391908829626887,-0.5644531735468264,0.061786861805539196,demo_full_universe,-0.005874849677844907,-1.035982345026131,H股,35.6,低
AH_000488_01812,ST晨鸣,综合,2026-08-05,000488.SZ,01812.HK,58.31500423615455,38.40009925185244,0.9129743814323732,66.33719496693051,-1.0874871080687711,-0.6740414532749242,0.7936507936507936,100,高,可分析,未发现明显机械价格问题,-1.6225588750753228,0.4537341122563892,0.08133765475016237,demo_full_universe,-0.005874849677844907,-1.0816122583909262,A股,35.5,低
AH_600690_06690,海尔智家,消费,2026-08-05,600690.SS,06690.HK,61.16272533737487,36.52562592524865,0.9129743814323732,83.41319265176863,-0.11753509257742678,-0.17961506081240414,0.9761904761904762,100,高,可分析,未发现明显机械价格问题,1.287747888487748,-1.4947074825644318,0.0894245014992568,demo_full_universe,-0.11753509257742678,0.0,H股,35.5,低
AH_603906_02465,龙蟠科技,科技电子,2026-08-05,603906.SS,02465.HK,51.17670041619262,29.31421635911801,0.9129743814323732,91.22091920267835,-0.023183625997305057,-0.20532469890236935,0.9444444444444444,100,高,可分析,未发现明显机械价格问题,-0.26177315721731986,0.1453834038930708,0.093206127326944,demo_full_universe,0.3104103425384608,-0.33359396853576584,A股,35.5,低
AH_600860_00187,京城股份,综合,2026-08-05,600860.SS,00187.HK,30.04252211001788,20.30146157348302,0.9129743814323732,62.08786166181084,-0.7842367478610299,-0.4860740162456697,0.8531746031746031,100,高,可分析,未发现明显机械价格问题,-0.8760597660737209,0.012630747290620784,0.0791922709220702,demo_full_universe,-0.005874849677844907,-0.778361898183185,A股,35.4,低
AH_688279_01304,峰岹科技,科技电子,2026-08-05,688279.SS,01304.HK,12.554286303819891,7.259778156810246,0.9129743814323732,89.41313302469824,0.3104103425384608,-0.07196276688678237,0.996031746031746,100,高,可分析,未发现明显机械价格问题,-0.6563925555217646,0.874558965790205,0.09224393227002044,demo_full_universe,0.3104103425384608,0.0,H股,35.4,低
AH_688009_03969,中国通号,综合,2026-08-05,688009.SS,03969.HK,7.01944014258406,4.946997902100022,0.9129743814323732,55.4183012179664,-1.0233526354093385,-0.7110281451366807,0.7857142857142857,100,高,可分析,未发现明显机械价格问题,-2.268417730595987,1.1690638842124,0.07600121097424879,demo_full_universe,-0.005874849677844907,-1.0174777857314936,A股,35.3,低
AH_600775_00553,南京熊猫,综合,2026-08-05,600775.SS,00553.HK,75.62062394452425,59.31999291462082,0.9129743814323732,39.630590529502975,-0.12198041374629298,-0.21232988799963246,0.9523809523809523,100,高,可分析,未发现明显机械价格问题,-1.1354958499125043,0.9454295782428849,0.0680858579233264,demo_full_universe,-0.005874849677844907,-0.11610556406844807,A股,35.2,低
AH_601005_01053,重庆钢铁,有色与材料,2026-08-05,601005.SS,01053.HK,4.975641373831226,2.964164198196761,0.9129743814323732,83.8604089718759,-0.29819104330843516,-0.24737829477429127,0.9007936507936508,100,高,可分析,未发现明显机械价格问题,-2.1309583058845525,1.7430799654654716,0.08968729711064564,demo_full_universe,0.40595596080414964,-0.7041470041125848,A股,35.2,低
AH_601333_00525,广深铁路,交通运输,2026-08-05,601333.SS,00525.HK,27.419538594644337,17.329151407931086,0.9129743814323732,73.31025248887416,-0.44257770530504104,-0.32191086946254,0.9047619047619048,100,高,可分析,未发现明显机械价格问题,1.1707739788605427,-1.697931355189051,0.08457967102346704,demo_full_universe,0.011917869902092093,-0.45449557520713313,H股,35.2,低
AH_601588_00588,北辰实业,房地产与公用,2026-08-05,601588.SS,00588.HK,19.829171466203213,13.15523283432597,0.9129743814323732,65.100138650276,1.2685376684516712,0.6617273689906146,0.8095238095238095,100,高,可分析,未发现明显机械价格问题,0.7574266355249731,0.43095113439028526,0.08015989853641277,demo_full_universe,0.44458534191284116,0.82395232653883,A股,35.2,低
AH_603296_03296,华勤技术,综合,2026-08-05,603296.SS,03296.HK,18.12860430383077,10.757656622902775,0.9129743814323732,84.58147014367667,-0.3958324324709963,-0.3148492064100768,0.9087301587301587,100,高,可分析,未发现明显机械价格问题,-0.44278649969024286,-0.04310682551406586,0.09006089273331241,demo_full_universe,-0.005874849677844907,-0.3899575827931514,A股,35.1,低
AH_000898_00347,鞍钢股份,综合,2026-08-05,000898.SZ,00347.HK,36.66217438244663,28.66072432161688,0.9129743814323732,40.11107519959178,0.7731947726298429,0.45567175856601816,0.8492063492063492,100,高,可分析,未发现明显机械价格问题,-0.7789245951299648,1.4840174813093583,0.06810188645044946,demo_full_universe,-0.005874849677844907,0.7790696223076878,H股,35.0,低
AH_300450_00470,先导智能,汽车与装备,2026-08-05,300450.SZ,00470.HK,61.5253731453446,33.01470487036017,0.9129743814323732,104.12126252496586,0.8340088643783048,0.11385551321667968,0.9523809523809523,100,高,可分析,未发现明显机械价格问题,-1.2286111209805408,1.9633342738516408,0.09928571150720462,demo_full_universe,0.5243703677028932,0.30963849667541155,H股,35.0,低
AH_300568_06067,星源材质,综合,2026-08-05,300568.SZ,06067.HK,19.94570676187368,15.13599126469008,0.9129743814323732,44.33776303244124,0.15253253832759128,-0.07340763255886644,0.9722222222222222,100,高,可分析,未发现明显机械价格问题,-0.9188205270900577,1.001039967800023,0.0703130976176259,demo_full_universe,-0.005874849677844907,0.1584073880054362,H股,35.0,低
AH_688062_02493,迈威生物-U,医药医疗,2026-08-05,688062.SS,02493.HK,22.866711037768,12.814484118438234,0.9129743814323732,95.45374013817187,0.049060732573394716,-0.09175349407064248,0.9682539682539683,100,高,可分析,未发现明显机械价格问题,0.2208191086942056,-0.2670099649523247,0.09525158883151381,demo_full_universe,0.23563111295013428,-0.18657038037673956,H股,35.0,低
AH_688185_06185,康希诺,医药医疗,2026-08-05,688185.SS,06185.HK,57.487081150823705,33.0649120734476,0.9129743814323732,90.43391462743753,0.6260521534036201,0.16500798441854475,0.9365079365079365,100,高,可分析,未发现明显机械价格问题,-1.2086032419832715,1.741990224442856,0.09266517094403544,demo_full_universe,0.23563111295013428,0.3904210404534858,H股,35.0,低
AH_600685_00317,中船防务,综合,2026-08-05,600685.SS,00317.HK,47.48520097099776,32.91870931847201,0.9129743814323732,57.99992843671635,0.951416861269692,0.5701970671926249,0.19047619047619047,100,高,可分析,未发现明显机械价格问题,0.889988461500708,-0.015348348113813396,0.0767767478827975,demo_full_universe,-0.005874849677844907,0.957291710947537,A股,34.9,低
AH_003021_02692,兆威机电,综合,2026-08-05,003021.SZ,02692.HK,10.736875124236914,6.393363509839835,0.9129743814323732,83.94581558671592,0.34437642229828214,0.05703918597049747,0.9563492063492064,100,高,可分析,未发现明显机械价格问题,0.5523930985854667,-0.2975874024251605,0.08957072613797597,demo_full_universe,-0.005874849677844907,0.35025127197612704,A股,34.8,低
AH_600031_06031,三一重工,汽车与装备,2026-08-05,600031.SS,06031.HK,12.252278648465408,7.173370422844169,0.9129743814323732,87.08329757746147,0.6562369857077925,0.2027983802906077,0.9444444444444444,100,高,可分析,未发现明显机械价格问题,-1.641607438969281,2.2068190152887723,0.09102540938830117,demo_full_universe,0.5243703677028932,0.1318666180048993,H股,34.8,低
AH_601788_06178,光大证券,证券与金融,2026-08-05,601788.SS,06178.HK,6.0025607579724864,4.927658785697159,0.9129743814323732,33.42504130450272,-1.3417967798196315,-0.9518423934013434,0.32936507936507936,100,高,可分析,未发现明显机械价格问题,-1.7412785983515928,0.3341234574064084,0.06535836112555297,demo_full_universe,0.34817525856095166,-1.6899720383805832,A股,34.7,低
AH_002475_02475,立讯精密,综合,2026-08-05,002475.SZ,02475.HK,62.12479876156352,40.51714199050045,0.9129743814323732,67.94520174556304,-0.07141439550203188,-0.26312376579112257,0.9285714285714286,100,高,可分析,未发现明显机械价格问题,-1.2981805747441584,1.144892102429182,0.08187407681294445,demo_full_universe,-0.005874849677844907,-0.06553954582418697,A股,34.5,低
AH_300661_03661,圣邦股份,综合,2026-08-05,300661.SZ,03661.HK,39.02524888362464,32.81828324273588,0.9129743814323732,30.24805040636327,1.3129581597943982,0.9366759790744593,0.6944444444444444,100,高,可分析,未发现明显机械价格问题,0.1352075762249374,1.1145882416445545,0.06316234192490633,demo_full_universe,-0.005874849677844907,1.3188330094722431,H股,34.4,低
AH_688385_01385,复旦微电,科技电子,2026-08-05,688385.SS,01385.HK,48.30082742368522,45.48580204950263,0.9129743814323732,16.31082129444634,0.15790164968858278,-0.007019834068789884,0.9722222222222222,100,高,可分析,未发现明显机械价格问题,-0.7666522071758038,0.8679023620157661,0.05665149484862061,demo_full_universe,0.3104103425384608,-0.152508692849878,H股,34.4,低
AH_300408_06951,三环集团,综合,2026-08-05,300408.SZ,06951.HK,57.26513727302584,34.81743681429798,0.9129743814323732,80.15027061578685,0.34381023423010504,0.012900637664720273,0.9523809523809523,100,高,可分析,未发现明显机械价格问题,-0.6041561465473677,0.8602452911056346,0.08772108967183812,demo_full_universe,-0.005874849677844907,0.34968508390794995,H股,34.3,低
AH_601319_01339,中国人保,保险,2026-08-05,601319.SS,01339.HK,26.33032580842347,18.51374839951906,0.9129743814323732,55.77698158977276,0.3668258534298232,0.06938343487857558,0.9682539682539683,100,高,可分析,未发现明显机械价格问题,0.3179396839363496,-0.02694961729208482,0.07583578678555843,demo_full_universe,0.3668258534298232,0.0,A股,34.3,低
AH_601607_02607,上海医药,医药医疗,2026-08-05,601607.SS,02607.HK,32.426731477788735,25.026999839465294,0.9129743814323732,41.91744809524207,-0.2474004189682475,-0.293139669996308,0.8849206349206349,100,高,可分析,未发现明显机械价格问题,-1.3101104549240112,0.9934788788377134,0.06923115711805039,demo_full_universe,0.23563111295013428,-0.4830315319183818,A股,34.3,低
AH_301377_01377,鼎泰高科,综合,2026-08-05,301377.SZ,01377.HK,39.76535605428562,19.86629856692969,0.9129743814323732,119.244812363757,0.4109074139582134,0.09644768825922646,0.9285714285714286,100,高,可分析,未发现明显机械价格问题,-0.2384018999588259,0.5425502126115708,0.10675910130546858,demo_full_universe,-0.005874849677844907,0.4167822636360583,H股,34.2,低
AH_601633_02333,长城汽车,汽车与装备,2026-08-05,601633.SS,02333.HK,35.31586785496204,25.43650544599584,0.9129743814323732,52.07360655533109,0.14105306048566746,-0.006604085535142629,0.9484126984126984,100,高,可分析,未发现明显机械价格问题,-0.5975370633115347,0.6645041084742722,0.07408601532292991,demo_full_universe,0.5243703677028932,-0.3833173072172258,H股,34.2,低
AH_002703_01057,浙江世宝,汽车与装备,2026-08-05,002703.SZ,01057.HK,60.87072236824652,45.52726461354061,0.9129743814323732,46.44626737698323,0.3643959865523101,0.15219309178193932,0.9325396825396826,100,高,可分析,未发现明显机械价格问题,0.1068092253303791,0.18629815770903826,0.07128860351289272,demo_full_universe,0.5243703677028932,-0.15997438115058316,H股,34.0,低
AH_600874_01065,创业环保,房地产与公用,2026-08-05,600874.SS,01065.HK,31.56298497290021,18.90067328282253,0.9129743814323732,82.91200168346373,0.44458534191284116,0.03817348183962028,0.9682539682539683,100,高,可分析,未发现明显机械价格问题,-1.065531843257067,1.4210741626840526,0.08904302248585576,demo_full_universe,0.44458534191284116,0.0,H股,34.0,低
AH_600600_00168,青岛啤酒,消费,2026-08-05,600600.SS,00168.HK,29.241597428782818,25.60094281972249,0.9129743814323732,25.108421061824338,-0.25430339169712113,-0.2697312247167591,0.9087301587301587,100,高,可分析,未发现明显机械价格问题,0.3467101068392573,-0.6620530772239981,0.06103957868761967,demo_full_universe,-0.11753509257742678,-0.13676829911969435,H股,33.9,低
AH_688630_09630,芯碁微装,科技电子,2026-08-05,688630.SS,09630.HK,39.960766439557,30.42523017881151,0.9129743814323732,43.86042720266013,-0.050366150893687234,-0.1763079434136769,0.9087301587301587,100,高,可分析,未发现明显机械价格问题,-2.035522412277736,1.9150246748794615,0.07013158650458706,demo_full_universe,0.3104103425384608,-0.360776493432148,A股,33.9,低
AH_600941_00941,中国移动,科技电子,2026-08-05,600941.SS,00941.HK,51.67649517732191,43.0001366400186,0.9129743814323732,31.6329530381813,0.5796314000939802,0.30077100394242473,0.8888888888888888,100,高,可分析,未发现明显机械价格问题,-0.22798222087539402,0.7435973285483234,0.06401629242105085,demo_full_universe,0.3104103425384608,0.2692210575555194,H股,33.8,低
AH_601456_01456,XD国联民,综合,2026-08-05,601456.SS,01456.HK,53.48404328509331,37.31735502134889,0.9129743814323732,56.98378144032048,-0.0800681089134585,-0.19982421244962764,0.9246031746031746,100,高,可分析,未发现明显机械价格问题,-0.0984840782643251,-0.05811693423886884,0.07653290358973545,demo_full_universe,-0.005874849677844907,-0.0741932592356136,A股,33.8,低
AH_605198_02218,安德利,综合,2026-08-05,605198.SS,02218.HK,59.09104941211258,32.85010131043658,0.9129743814323732,97.02729655534685,1.2964821958960897,0.6856966419375898,0.7301587301587301,100,高,可分析,未发现明显机械价格问题,0.8614939349905791,0.33927393984163484,0.09571432106387572,demo_full_universe,-0.005874849677844907,1.3023570455739346,A股,33.8,低
AH_601068_02068,中铝国际,有色与材料,2026-08-05,601068.SS,02068.HK,20.74177930343034,17.516918761631253,0.9129743814323732,29.696931719758048,0.8847631969248333,0.4413623127334902,0.8412698412698413,100,高,可分析,未发现明显机械价格问题,0.4877391820889982,0.33402591845474977,0.06299809638108538,demo_full_universe,0.40595596080414964,0.47880723612068365,A股,33.7,低
AH_001236_03678,弘业期货,证券与金融,2026-08-05,001236.SZ,03678.HK,74.20197323676365,47.2754889262762,0.9129743814323732,71.91779580101539,0.2865861137695589,0.036595333082119125,0.9523809523809523,100,高,可分析,未发现明显机械价格问题,-2.8998947955202374,3.1027543323675553,0.08372657692224077,demo_full_universe,0.34817525856095166,-0.06158914479139277,H股,33.6,低
AH_601077_03618,渝农商行,综合,2026-08-05,601077.SS,03618.HK,25.205230264311822,16.141434142342753,0.9129743814323732,71.03695639000453,0.11317822213223394,-0.10997144387244495,0.9325396825396826,100,高,可分析,未发现明显机械价格问题,-0.7843783092616926,0.8142209545190203,0.0833355768749063,demo_full_universe,-0.005874849677844907,0.11905307181007885,H股,33.6,低
AH_600029_01055,南方航空,交通运输,2026-08-05,600029.SS,01055.HK,12.565987691127832,9.932274200199108,0.9129743814323732,38.576420214708506,0.022278630717039505,-0.08990467042605914,0.9444444444444444,100,高,可分析,未发现明显机械价格问题,0.38573178453424245,-0.43098952145526087,0.06753636763805797,demo_full_universe,0.011917869902092093,0.010360760814947412,H股,33.5,低
AH_600988_06693,赤峰黄金,有色与材料,2026-08-05,600988.SS,06693.HK,50.20428985493889,27.86830347879008,0.9129743814323732,97.3202722071364,0.40595596080414964,0.17540387760847445,0.9285714285714286,100,高,可分析,未发现明显机械价格问题,0.5326694445783341,-0.22278784273233518,0.09607435895815068,demo_full_universe,0.40595596080414964,0.0,A股,33.5,低
AH_601963_01963,重庆银行,银行,2026-08-05,601963.SS,01963.HK,65.76602546840383,48.359582747433215,0.9129743814323732,48.95684328342256,-0.7072806532655278,-0.6463986125855679,0.8174603174603174,100,高,可分析,未发现明显机械价格问题,-1.8716343798217387,1.0915791243727995,0.07277460218341147,demo_full_universe,-0.504429496890964,-0.20285115637456386,A股,33.5,低
AH_600115_00670,中国东航,交通运输,2026-08-05,600115.SS,00670.HK,31.60147386947642,23.37985793721378,0.9129743814323732,48.04947755619003,0.1987609671859687,0.02303497131627656,0.9404761904761905,100,高,可分析,未发现明显机械价格问题,1.0342754795828313,-0.9076254166734614,0.07211090427659883,demo_full_universe,0.011917869902092093,0.1868430972838766,A股,33.4,低
AH_603083_06166,剑桥科技,科技电子,2026-08-05,603083.SS,06166.HK,37.17281744602044,31.655869573566243,0.9129743814323732,28.621224498232767,-0.20613017285071678,-0.318369035602195,0.8531746031746031,100,高,可分析,未发现明显机械价格问题,-0.5449861501461069,0.2761160660539037,0.06273991124148637,demo_full_universe,0.3104103425384608,-0.5165405153891776,A股,33.3,低
AH_003816_01816,中国广核,综合,2026-08-05,003816.SZ,01816.HK,11.912396385562149,7.417435968489095,0.9129743814323732,75.90846506098652,0.8343732593452131,0.3562166959203843,0.8174603174603174,100,高,可分析,未发现明显机械价格问题,-0.2225245339823232,0.9713638590908573,0.08553393423667899,demo_full_universe,-0.005874849677844907,0.840248109023058,H股,33.2,低
AH_000513_01513,丽珠集团,综合,2026-08-05,000513.SZ,01513.HK,68.43901501275865,50.11299270573519,0.9129743814323732,49.58733330908891,-0.028368024711355133,-0.13140476691384348,0.9246031746031746,100,高,可分析,未发现明显机械价格问题,-2.1014273812101982,2.000141775054877,0.07291758144396591,demo_full_universe,-0.005874849677844907,-0.022493175033510227,A股,33.1,低
AH_601727_02727,上海电气,汽车与装备,2026-08-05,601727.SS,02727.HK,57.73351648420291,37.26806372382225,0.9129743814323732,69.68075586282139,-0.2330558395250648,-0.2817151112012216,0.8333333333333334,100,高,可分析,未发现明显机械价格问题,-0.8581009013312979,0.5422861762571998,0.08275888554903332,demo_full_universe,0.5243703677028932,-0.7574262072279581,A股,33.0,低
AH_603501_00501,豪威集团,综合,2026-08-05,603501.SS,00501.HK,90.05134818187432,62.03261782653743,0.9129743814323732,59.00527008263647,0.01661832535566532,-0.09539896825357412,0.9285714285714286,100,高,可分析,未发现明显机械价格问题,-0.8861627265855722,0.8252860727657195,0.07749497917551788,demo_full_universe,-0.005874849677844907,0.022493175033510227,A股,33.0,低
AH_688008_06809,澜起科技,科技电子,2026-08-05,688008.SS,06809.HK,6.76886488758512,4.43510333316129,0.9129743814323732,67.16814036399363,0.9237894835770959,0.4794115435061799,0.8055555555555556,100,高,可分析,未发现明显机械价格问题,0.8125072151215159,0.03003024816176018,0.08125202029381977,demo_full_universe,0.3104103425384608,0.6133791410386351,A股,33.0,低
AH_688052_02676,纳芯微,科技电子,2026-08-05,688052.SS,02676.HK,21.864411734113137,15.93357497213726,0.9129743814323732,50.302421577467,0.40742128885355555,0.2501832656210903,0.8928571428571429,100,高,可分析,未发现明显机械价格问题,-0.1989171170734707,0.5331807445823493,0.07315766134467694,demo_full_universe,0.3104103425384608,0.09701094631509477,H股,33.0,低
AH_300638_00638,广和通,科技电子,2026-08-05,300638.SZ,00638.HK,50.69565882542815,26.57481705429433,0.9129743814323732,108.94976968548424,0.32106056454450993,-0.03861215023588115,0.9365079365079365,100,高,可分析,未发现明显机械价格问题,-0.3011533974029845,0.5204507173963435,0.10176324455115093,demo_full_universe,0.3104103425384608,0.010650222006049148,H股,32.8,低
AH_601865_06865,福莱特,有色与材料,2026-08-05,601865.SS,06865.HK,21.579922338307757,15.589781728503604,0.9129743814323732,51.618170369517394,-0.8987247303421313,-0.58798036660727,0.27380952380952384,100,高,可分析,未发现明显机械价格问题,-0.48921993857236384,-0.4836219443017657,0.0741171525319982,demo_full_universe,0.40595596080414964,-1.304680691146281,A股,32.8,低
AH_601881_06881,中国银河,综合,2026-08-05,601881.SS,06881.HK,33.33850101370896,26.934743743468683,0.9129743814323732,35.573444329684456,0.07482309166921652,-0.06354778548646706,0.9246031746031746,100,高,可分析,未发现明显机械价格问题,-0.36934643622862257,0.3781096229126521,0.06605990498518703,demo_full_universe,-0.005874849677844907,0.08069794134706143,H股,32.7,低
AH_688366_06826,昊海生科,医药医疗,2026-08-05,688366.SS,06826.HK,36.80086519549533,32.5934852687602,0.9129743814323732,23.67121721650234,0.44865940968506024,0.25660472440035775,0.8690476190476191,100,高,可分析,未发现明显机械价格问题,-0.7941124371902019,1.1826036402829512,0.06016820659231096,demo_full_universe,0.23563111295013428,0.21302829673492596,H股,32.5,低
AH_601916_02016,浙商银行,银行,2026-08-05,601916.SS,02016.HK,50.02704136056624,35.04682908052043,0.9129743814323732,56.34986024634985,-0.25006412253966914,-0.3102977645204856,0.8531746031746031,100,高,可分析,未发现明显机械价格问题,-1.3595536306679865,1.0332234056338325,0.076266102494485,demo_full_universe,-0.504429496890964,0.2543653743512948,A股,32.4,低
AH_601857_00857,中国石油,能源电力,2026-08-05,601857.SS,00857.HK,24.785031191154623,17.748152728035116,0.9129743814323732,52.95994590240234,-0.4678676885763835,-0.3307846292491205,0.8174603174603174,100,高,可分析,未发现明显机械价格问题,-1.346047383581471,0.8035128902621693,0.0746668047429182,demo_full_universe,0.104199264083352,-0.5720669526597355,A股,32.1,低
AH_601866_02866,中远海发,交通运输,2026-08-05,601866.SS,02866.HK,24.739811001971532,14.888740438590723,0.9129743814323732,82.00353684064481,0.27452804041250545,0.09621183476601922,0.8888888888888888,100,高,可分析,未发现明显机械价格问题,-1.2084051147907218,1.3942913834871717,0.08864177171605547,demo_full_universe,0.011917869902092093,0.26261017051041335,H股,32.1,低
AH_002821_06821,凯莱英,医药医疗,2026-08-05,002821.SZ,06821.HK,21.153805836593424,9.255470866468546,0.9129743814323732,150.34066671135628,0.35121966119294257,-0.03730827521544553,0.9047619047619048,100,高,可分析,未发现明显机械价格问题,-0.2355463694447432,0.46483637316470566,0.12192965747298008,demo_full_universe,0.23563111295013428,0.11558854824280829,H股,31.9,低
AH_601939_00939,建设银行,银行,2026-08-05,601939.SS,00939.HK,53.05491976880339,47.55881315267381,0.9129743814323732,22.190111991091467,-1.3485666138949952,-0.9537590744900738,0.6626984126984127,100,高,可分析,未发现明显机械价格问题,-0.9604142941877308,-0.4480358257405938,0.059883506033329446,demo_full_universe,-0.504429496890964,-0.8441371170040313,A股,31.8,低
AH_000338_02338,潍柴动力,汽车与装备,2026-08-05,000338.SZ,02338.HK,23.003378672549218,20.769529673716903,0.9129743814323732,21.31272981745742,1.0814938943121568,0.859678721087338,0.7023809523809523,100,高,可分析,未发现明显机械价格问题,-1.1005912248410492,2.1232197363187413,0.05886538283446482,demo_full_universe,0.5243703677028932,0.5571235266092636,H股,31.7,低
AH_601336_01336,新华保险,保险,2026-08-05,601336.SS,01336.HK,34.810079429897264,25.1503594754408,0.9129743814323732,51.60105593705402,0.09978640768721903,-0.047821270182794806,0.8849206349206349,100,高,可分析,未发现明显机械价格问题,-0.836030673734046,0.8619511526223865,0.07386592879887861,demo_full_universe,0.3668258534298232,-0.2670394457426042,H股,31.6,低
AH_603993_03993,洛阳钼业,有色与材料,2026-08-05,603993.SS,03993.HK,54.40307807163807,50.06142075431183,0.9129743814323732,19.031446245551997,-1.4399408477279394,-1.3386105378355377,0.49603174603174605,100,高,可分析,未发现明显机械价格问题,-0.8957673447738136,-0.6025396770275909,0.05836617407346504,demo_full_universe,0.40595596080414964,-1.845896808532089,A股,31.6,低
AH_600585_00914,海螺水泥,有色与材料,2026-08-05,600585.SS,00914.HK,21.55110424423314,13.331878027198009,0.9129743814323732,77.05965138575908,0.2869887726745475,0.09128479891097295,0.8849206349206349,100,高,可分析,未发现明显机械价格问题,0.4593157356371312,-0.2585553654063896,0.08622840244380588,demo_full_universe,0.40595596080414964,-0.11896718812960216,A股,31.5,低
AH_300433_06613,蓝思科技,科技电子,2026-08-05,300433.SZ,06613.HK,67.02303344051349,56.14652741787211,0.9129743814323732,30.750268046190854,-0.14837859198220116,-0.1881821035978651,0.8373015873015873,100,高,可分析,未发现明显机械价格问题,-0.18750968274381682,-0.024632334219757485,0.06376342498137315,demo_full_universe,0.3104103425384608,-0.45878893452066194,A股,31.4,低
AH_000756_00719,新华制药,医药医疗,2026-08-05,000756.SZ,00719.HK,77.9471895092559,63.76202530360605,0.9129743814323732,33.899750033707846,0.2775737538620646,0.17374673592026943,0.8690476190476191,100,高,可分析,未发现明显机械价格问题,-1.0384793889996817,1.2508577079756027,0.0651954348861435,demo_full_universe,0.23563111295013428,0.04194264091193034,H股,31.3,低
AH_601998_00998,中信银行,银行,2026-08-05,601998.SS,00998.HK,74.16514402251224,66.03664233348202,0.9129743814323732,23.014489886834188,-0.8825962501067401,-0.7387386567033098,0.7301587301587301,100,高,可分析,未发现明显机械价格问题,-1.313643934509405,0.37087535807201516,0.060172326330649874,demo_full_universe,-0.504429496890964,-0.3781667532157762,A股,31.3,低
AH_603288_03288,海天味业,消费,2026-08-05,603288.SS,03288.HK,12.202131528177617,9.773393117411077,0.9129743814323732,36.75138798454849,0.09031658720266478,-0.07037450058674587,0.876984126984127,100,高,可分析,未发现明显机械价格问题,-0.7316863549787188,0.7553724431969021,0.06663049898448155,demo_full_universe,-0.11753509257742678,0.20785167978009156,H股,31.3,低
AH_601211_02611,国泰海通,证券与金融,2026-08-05,601211.SS,02611.HK,78.1516689308394,62.93268858887129,0.9129743814323732,36.02019080881333,-0.07022332874600323,-0.10446183070223629,0.8452380952380952,100,高,可分析,未发现明显机械价格问题,-0.10802196362664655,-0.028514283552957192,0.0663129184336005,demo_full_universe,0.34817525856095166,-0.4183985873069549,A股,31.0,低
AH_601818_06818,光大银行,银行,2026-08-05,601818.SS,06818.HK,14.761325525537696,8.896578169731274,0.9129743814323732,81.73717272280253,-0.3015783405164001,-0.36830172199059275,0.8015873015873016,100,高,可分析,未发现明显机械价格问题,-3.1888221719794267,2.798588221548021,0.08865560991500605,demo_full_universe,-0.504429496890964,0.20285115637456386,A股,30.6,低
AH_000776_01776,广发证券,证券与金融,2026-08-05,000776.SZ,01776.HK,90.76388203407872,75.19724560017212,0.9129743814323732,32.20641793827315,0.40976440335234443,0.2130393463265694,0.8412698412698413,100,高,可分析,未发现明显机械价格问题,-0.49148558586247937,0.8369126371673143,0.06433735204750946,demo_full_universe,0.34817525856095166,0.06158914479139277,H股,30.5,低
AH_600958_03958,东方证券,证券与金融,2026-08-05,600958.SS,03958.HK,66.84342383691701,45.40777272058342,0.9129743814323732,61.23892572280853,-0.0872912784960107,-0.23093932224012612,0.8055555555555556,100,高,可分析,未发现明显机械价格问题,-1.0187238327263455,0.852823505782729,0.07860904844760579,demo_full_universe,0.34817525856095166,-0.43546653705696237,A股,30.4,低
AH_300759_03759,康龙化成,医药医疗,2026-08-05,300759.SZ,03759.HK,90.8240468022228,49.93603169974808,0.9129743814323732,99.2178415929742,0.3054478509063756,0.13108201339843856,0.8492063492063492,100,高,可分析,未发现明显机械价格问题,-0.7582964928064465,0.9667203656812949,0.09702397803152725,demo_full_universe,0.23563111295013428,0.06981673795624133,H股,30.2,低
AH_600801_06655,华新建材,综合,2026-08-05,600801.SS,06655.HK,9.61039578572881,5.131140528252788,0.9129743814323732,105.14870199830457,-0.9407366842933698,-0.5026706444543602,0.7063492063492064,100,高,可分析,未发现明显机械价格问题,-2.220290935670306,1.179335088610543,0.10021916276639331,demo_full_universe,-0.005874849677844907,-0.9348618346155249,A股,30.2,低
AH_002948_03866,青岛银行,银行,2026-08-05,002948.SZ,03866.HK,53.02906713395927,32.34005060745602,0.9129743814323732,79.60346081213953,-0.017297381809854073,-0.054476471645604964,0.8253968253968254,100,高,可分析,未发现明显机械价格问题,0.23354475916250314,-0.3383845412649033,0.08754240029254608,demo_full_universe,-0.504429496890964,0.4871321150811099,H股,30.0,低
AH_601600_02600,中国铝业,有色与材料,2026-08-05,601600.SS,02600.HK,21.421088984445813,13.254542667507058,0.9129743814323732,77.01831669421992,0.7544106797418664,0.2824035428467512,0.7857142857142857,100,高,可分析,未发现明显机械价格问题,-1.094152706026475,1.7624682351612033,0.08609515060713828,demo_full_universe,0.40595596080414964,0.34845471893771673,H股,29.8,低
AH_603986_03986,兆易创新,科技电子,2026-08-05,603986.SS,03986.HK,74.48941959676124,50.469817411109496,0.9129743814323732,61.66062952470317,0.47141941856727243,0.10909675173684459,0.8293650793650794,100,高,可分析,未发现明显机械价格问题,0.7307253603680147,-0.33798402394883215,0.07867808214808984,demo_full_universe,0.3104103425384608,0.16100907602881165,A股,29.6,低
AH_001289_00916,龙源电力,能源电力,2026-08-05,001289.SZ,00916.HK,9.89617744787946,6.881212428560774,0.9129743814323732,57.52297950434928,1.1572531698577961,0.7039630093861386,0.3611111111111111,100,高,可分析,未发现明显机械价格问题,-0.29184060306503196,1.3725994623229643,0.07649431059986374,demo_full_universe,0.104199264083352,1.0530539057744441,H股,29.5,低
AH_601988_03988,中国银行,银行,2026-08-05,601988.SS,03988.HK,77.92326515806698,47.3773147843254,0.9129743814323732,80.15159373754463,0.13127357594387945,-0.010458185403968813,0.7936507936507936,100,高,可分析,未发现明显机械价格问题,-2.518095604620463,2.5615929636589243,0.08777621690541793,demo_full_universe,-0.504429496890964,0.6357030728348434,H股,28.8,低
AH_601598_00598,中国外运,交通运输,2026-08-05,601598.SS,00598.HK,25.4062302111156,15.76445797723795,0.9129743814323732,76.52352637137068,-0.4445496551407615,-0.18523077988539027,0.24206349206349206,100,高,可分析,未发现明显机械价格问题,-0.29736808997992387,-0.2333268937634377,0.08614532860260009,demo_full_universe,0.011917869902092093,-0.4564675250428536,A股,28.2,低
AH_002747_02715,埃斯顿,汽车与装备,2026-08-05,002747.SZ,02715.HK,72.06410212822517,57.57280414646709,0.9129743814323732,37.101752459484814,0.5243703677028932,0.35661812099331913,0.746031746031746,100,高,可分析,未发现明显机械价格问题,-1.373389526921257,1.8310632687233597,0.06669662590079047,demo_full_universe,0.5243703677028932,0.0,H股,27.7,低
AH_600548_00548,深高速,交通运输,2026-08-05,600548.SS,00548.HK,11.181572881341843,6.496293264744764,0.9129743814323732,88.52922641305285,0.011917869902092093,-0.09950251321607094,0.7698412698412699,100,高,可分析,未发现明显机械价格问题,-0.5309329208546009,0.45096505508386525,0.09188573567282769,demo_full_universe,0.011917869902092093,0.0,A股,26.6,低
AH_688428_09969,诺诚健华,综合,2026-08-05,688428.SS,09969.HK,47.6930175804882,32.397483027199634,0.9129743814323732,61.24451092484391,-0.8776319872175762,-0.4971913675037103,0.623015873015873,100,高,可分析,未发现明显机械价格问题,-0.5705144066336393,-0.38592145473797973,0.07880387415404282,demo_full_universe,-0.005874849677844907,-0.8717571375397313,A股,26.6,低
AH_600027_01071,华电国际,能源电力,2026-08-05,600027.SS,01071.HK,9.366669520755048,7.731808132682589,0.9129743814323732,32.69224381160243,0.3825711948809456,0.2377760314716902,0.7103174603174603,100,高,可分析,未发现明显机械价格问题,-1.3017627186379126,1.6197521034316236,0.06458181008723447,demo_full_universe,0.104199264083352,0.2783719307975936,H股,26.2,低
AH_601658_01658,邮储银行,银行,2026-08-05,601658.SS,01658.HK,40.32003139498884,28.652380720276245,0.9129743814323732,54.13510307968743,-1.3446143933549806,-0.7824718153408373,0.4603174603174603,100,高,可分析,未发现明显机械价格问题,-2.025844662786973,0.6057769125935337,0.07545335683845877,demo_full_universe,-0.504429496890964,-0.8401848964640166,A股,25.5,低
AH_301087_01187,可孚医疗,医药医疗,2026-08-05,301087.SZ,01187.HK,30.59543537787961,23.715846520104808,0.9129743814323732,41.305613645603415,-0.44148712640026133,-0.3150878259338832,0.623015873015873,100,高,可分析,未发现明显机械价格问题,-1.96660672283416,1.4561384360507301,0.06898116038316833,demo_full_universe,0.23563111295013428,-0.6771182393503956,A股,24.6,低
AH_688236_01858,春立医疗,医药医疗,2026-08-05,688236.SS,01858.HK,81.12812303549805,60.069252267389885,0.9129743814323732,47.93148306548169,0.607988111849231,0.3036345886934875,0.626984126984127,100,高,可分析,未发现明显机械价格问题,-1.9008447856645034,2.4368772223667605,0.07195567514697387,demo_full_universe,0.23563111295013428,0.3723569988990967,H股,23.7,低
AH_601186_01186,XD中国铁,综合,2026-08-05,601186.SS,01186.HK,53.07269737320543,43.55746299652331,0.9129743814323732,33.45965360910701,-0.1965210167415492,-0.18411605301544853,0.3373015873015873,100,高,可分析,未发现明显机械价格问题,-1.2231733185795346,0.9615558777560326,0.06509642408195286,demo_full_universe,-0.005874849677844907,-0.1906461670637043,A股,23.6,低
AH_601601_02601,中国太保,保险,2026-08-05,601601.SS,02601.HK,28.091690686004007,18.171606198237207,0.9129743814323732,69.32690492680555,0.03514830631318944,-0.04672141157229781,0.6666666666666666,100,高,可分析,未发现明显机械价格问题,-1.7008170901763933,1.6534432269819277,0.08252216950765501,demo_full_universe,0.3668258534298232,-0.3316775471166338,A股,23.1,低
AH_600188_01171,兖矿能源,能源电力,2026-08-05,600188.SS,01171.HK,52.22717953563891,44.42857019243603,0.9129743814323732,28.75842179134187,-0.6333443150025708,-0.4056492867627701,0.4523809523809524,100,高,可分析,未发现明显机械价格问题,-1.868671992441758,1.1724154761090606,0.06291220133012665,demo_full_universe,0.104199264083352,-0.7375435790859228,A股,22.5,低
AH_600332_00874,白云山,综合,2026-08-05,600332.SS,00874.HK,24.002709846794147,14.548054223538276,0.9129743814323732,80.71606979838228,-0.6852938121074033,-0.3500919990109615,0.4365079365079365,100,高,可分析,未发现明显机械价格问题,-0.3985650023201259,-0.37497621864656594,0.08824740885928861,demo_full_universe,-0.005874849677844907,-0.6794189624295583,A股,22.5,低
AH_688339_02402,亿华通-U,综合,2026-08-05,688339.SS,02402.HK,26.918013479474443,21.739019275488083,0.9129743814323732,35.62647284954876,-0.48957722742164833,-0.519040428273306,0.5277777777777778,100,高,可分析,未发现明显机械价格问题,0.5922084286141617,-1.1480093066798058,0.06622365064399578,demo_full_universe,-0.005874849677844907,-0.4837023777438034,H股,21.8,低
AH_600635_01635,大众公用,房地产与公用,2026-08-05,600635.SS,01635.HK,37.33100105877856,22.68123885534225,0.9129743814323732,80.27863981603929,0.08552770356277506,0.0747557155402401,0.623015873015873,100,高,可分析,未发现明显机械价格问题,-1.0740180314995698,1.0716988360896877,0.08784689897265707,demo_full_universe,0.44458534191284116,-0.3590576383500661,A股,21.6,低
AH_002600_01688,领益智造,综合,2026-08-05,002600.SZ,01688.HK,24.868593580667454,20.146498968847677,0.9129743814323732,35.205091924419804,-0.2751570122441649,-0.19244641591096248,0.3968253968253968,100,高,可分析,未发现明显机械价格问题,-0.604996397202053,0.2638736912587423,0.0659656936991458,demo_full_universe,-0.005874849677844907,-0.26928216256632,A股,21.5,低
AH_601869_06869,长飞光纤,科技电子,2026-08-05,601869.SS,06869.HK,34.56383205321072,26.33765486551667,0.9129743814323732,43.74283059946025,0.3612055438647843,0.13245028011990426,0.376984126984127,100,高,可分析,未发现明显机械价格问题,-0.9154568222489404,1.20668999517405,0.06997237093967475,demo_full_universe,0.3104103425384608,0.050795201326323536,H股,21.1,低
AH_603127_06127,昭衍新药,医药医疗,2026-08-05,603127.SS,06127.HK,39.590667955066806,35.20561021364764,0.9129743814323732,23.174940619932862,0.19368847203820394,0.07125970166670675,0.373015873015873,100,高,可分析,未发现明显机械价格问题,0.01839249693695244,0.11530812034161109,0.05998785475964041,demo_full_universe,0.23563111295013428,-0.04194264091193034,H股,20.8,低
AH_002466_09696,天齐锂业,有色与材料,2026-08-05,002466.SZ,09696.HK,47.62953447971738,34.20818018432646,0.9129743814323732,52.506296463313305,0.44657178496971994,0.14418764682050705,0.6071428571428571,100,高,可分析,未发现明显机械价格问题,0.35185995811616405,0.02048960847187568,0.07422221838168024,demo_full_universe,0.40595596080414964,0.0406158241655703,A股,20.6,低
AH_002490_00568,山东墨龙,综合,2026-08-05,002490.SZ,00568.HK,52.36681740699116,40.96111107504789,0.9129743814323732,40.03153867123488,-0.1006150377122168,-0.17170454317476647,0.5238095238095238,100,高,可分析,未发现明显机械价格问题,-0.7598569140178135,0.5909661693922672,0.06827570691332951,demo_full_universe,-0.005874849677844907,-0.0947401880343719,A股,17.6,低
AH_600028_00386,中国石化,能源电力,2026-08-05,600028.SS,00386.HK,10.333611014404523,8.653781844810515,0.9129743814323732,30.793925846849636,3.829780678451545,2.684083637009422,0.9920634920634921,70,中,谨慎,H股处于除息影响窗口,-1.4699081428358152,5.236868970691071,0.06281985059628899,demo_full_universe,0.104199264083352,3.725581414368193,H股,63.3,中
AH_601628_02628,中国人寿,保险,2026-08-05,601628.SS,02628.HK,38.13404516676572,31.587188743691588,0.9129743814323732,32.23405319550026,2.7602251228039627,2.0057606760946967,0.4246031746031746,0,低,排除,检测到单边停牌或陈旧H股价格；H股连续多日无价格变化，而A股仍在波动；最新交易日一侧成交量为零,2.6964474976319295,0.0,0.06377762517203323,demo_full_universe,0.3668258534298232,2.3933992693741395,A股,26.5,排除
